<?xml version="1.0" encoding="UTF-8"?>
<kml xmlns="http://www.opengis.net/kml/2.2" xmlns:xsi="http://www.w3.org/2001/XMLSchema-instance" xsi:schemaLocation="http://www.opengis.net/kml/2.2 http://schemas.opengis.net/kml/2.2.0/ogckml22.xsd">
  <Document>
    <name>Toronto Islands Trail</name>
    <description><![CDATA[Generated by AllTrails https://www.alltrails.com/]]></description>
    <Style id="gpsiesStyle">
      <IconStyle>
        <scale>0.5</scale>
        <Icon>
          <href>https://www.gpsies.com/images/milestone.png</href>
        </Icon>
      </IconStyle>
      <LineStyle>
        <colorMode>random</colorMode>
        <width>5</width>
      </LineStyle>
    </Style>
    <Style id="flag_n">
      <IconStyle>
        <scale>0.8</scale>
        <Icon>
          <href>https://www.gpsies.com/images/flag.png</href>
        </Icon>
      </IconStyle>
      <LabelStyle>
        <scale>0</scale>
      </LabelStyle>
      <BalloonStyle>
        <text>$[description]</text>
      </BalloonStyle>
    </Style>
    <Style id="flag_h">
      <IconStyle>
        <scale>0.8</scale>
        <Icon>
          <href>https://www.gpsies.com/images/flag.png</href>
        </Icon>
      </IconStyle>
      <LabelStyle>
        <scale>1</scale>
      </LabelStyle>
      <BalloonStyle>
        <text>$[description]</text>
      </BalloonStyle>
    </Style>
    <StyleMap id="flag">
      <Pair>
        <key>normal</key>
        <styleUrl>#flag_n</styleUrl>
      </Pair>
      <Pair>
        <key>highlight</key>
        <styleUrl>#flag_h</styleUrl>
      </Pair>
    </StyleMap>
    <Style id="generic,summit,valley,mountainpass,water,food,danger,firstaid,sprint,straight,left,tsll,tshl,right,tslr,tshr,tu,residence,hostel,parking,station,attention,information,viewpoint,sightseeing,barbecue,campingground,geocache,playground,bathingfacilities,servicestation_n">
      <IconStyle>
        <scale>0.8</scale>
        <Icon>
          <href>https://www.gpsies.com/images/waypointIcons/generic,summit,valley,mountainpass,water,food,danger,firstaid,sprint,straight,left,tsll,tshl,right,tslr,tshr,tu,residence,hostel,parking,station,attention,information,viewpoint,sightseeing,barbecue,campingground,geocache,playground,bathingfacilities,servicestation.png</href>
        </Icon>
      </IconStyle>
      <LabelStyle>
        <scale>0</scale>
      </LabelStyle>
      <BalloonStyle>
        <text>$[description]</text>
      </BalloonStyle>
    </Style>
    <Style id="generic,summit,valley,mountainpass,water,food,danger,firstaid,sprint,straight,left,tsll,tshl,right,tslr,tshr,tu,residence,hostel,parking,station,attention,information,viewpoint,sightseeing,barbecue,campingground,geocache,playground,bathingfacilities,servicestation_h">
      <IconStyle>
        <scale>0.8</scale>
        <Icon>
          <href>https://www.gpsies.com/images/waypointIcons/generic,summit,valley,mountainpass,water,food,danger,firstaid,sprint,straight,left,tsll,tshl,right,tslr,tshr,tu,residence,hostel,parking,station,attention,information,viewpoint,sightseeing,barbecue,campingground,geocache,playground,bathingfacilities,servicestation.png</href>
        </Icon>
      </IconStyle>
      <LabelStyle>
        <scale>1</scale>
      </LabelStyle>
      <BalloonStyle>
        <text>$[description]</text>
      </BalloonStyle>
    </Style>
    <StyleMap id="generic,summit,valley,mountainpass,water,food,danger,firstaid,sprint,straight,left,tsll,tshl,right,tslr,tshr,tu,residence,hostel,parking,station,attention,information,viewpoint,sightseeing,barbecue,campingground,geocache,playground,bathingfacilities,servicestation">
      <Pair>
        <key>normal</key>
        <styleUrl>#generic,summit,valley,mountainpass,water,food,danger,firstaid,sprint,straight,left,tsll,tshl,right,tslr,tshr,tu,residence,hostel,parking,station,attention,information,viewpoint,sightseeing,barbecue,campingground,geocache,playground,bathingfacilities,servicestation_n</styleUrl>
      </Pair>
      <Pair>
        <key>highlight</key>
        <styleUrl>#generic,summit,valley,mountainpass,water,food,danger,firstaid,sprint,straight,left,tsll,tshl,right,tslr,tshr,tu,residence,hostel,parking,station,attention,information,viewpoint,sightseeing,barbecue,campingground,geocache,playground,bathingfacilities,servicestation_h</styleUrl>
      </Pair>
    </StyleMap>
    <Placemark>
      <name>Toronto Ferry Docks</name>
      <description><![CDATA[Lines can look massive on summer weekends, but it all moves fairly smoothly. While you're waiting enjoy one of the nearby buskers. Once inside the waiting area you will see signs above the gates for the destination being served. Head over to the lineup for Ward's Island and take your place.]]></description>
      <styleUrl>#generic,summit,valley,mountainpass,water,food,danger,firstaid,sprint,straight,left,tsll,tshl,right,tslr,tshr,tu,residence,hostel,parking,station,attention,information,viewpoint,sightseeing,barbecue,campingground,geocache,playground,bathingfacilities,servicestation</styleUrl>
      <Point>
        <coordinates>-79.3753200,43.64039000,82.000000</coordinates>
      </Point>
    </Placemark>
    <Placemark>
      <name>Hanlan's Point Ferry Dock</name>
      <description><![CDATA[So you've made it to the end of our circuit. Well, almost! You're now going to board the Ongiara, a small vehicle- transporting ferry, to take you back to the city.

At certain times of the day in the summer, usually later in the afternoon and on the weekend, you may have to share the ferry deck with a car or truck or two. Mostly though it's just packed with happy, relaxed, sun-licked people (and often a lot of their bikes) returning downtown. Strongly recommended that you forgo the claustrophobic indoor seating areas on each side of the vessel in favor of standing on the deck. If you can elbow your way through, the best spot is near the prow on the left side. That way you'll get the breeze (and the occasional spray) in your face, and most importantly, you'll have a fantastic view of the city skyline for the entire 15 minute voyage!

Once you land you will exit the ferry and turn left without re-entering the waiting area.]]></description>
      <styleUrl>#generic,summit,valley,mountainpass,water,food,danger,firstaid,sprint,straight,left,tsll,tshl,right,tslr,tshr,tu,residence,hostel,parking,station,attention,information,viewpoint,sightseeing,barbecue,campingground,geocache,playground,bathingfacilities,servicestation</styleUrl>
      <Point>
        <coordinates>-79.3892800,43.62767000,75.000000</coordinates>
      </Point>
    </Placemark>
    <Placemark>
      <name>Path direct to Hanlan's Point Ferry Dock</name>
      <description><![CDATA[The path that follows the "inland" water's edge, known officially as Lakeshore Avenue, runs adjacent to a continuous mooring wall at the shore. Depending on the time of day you are likely to pass by dozens of relaxed folks chilling on the decks of their boats, or sitting on the grass nearby. The scent of charcoal & grilling burgers will be in the air.

En route there is a building with washroom facilities & a small concession window. A little further north the waterway widens into Blockhouse Bay. On the opposite shore lies the Island Yacht Club and in the bay you may see groups of kayakers or chartered cruise boats wending their way between the islands, along with a resident community of white swans.

Eventually you will see the CN Tower looming at the end of the path and you will know you're on final approach for the Hanlan's Point ferry dock.]]></description>
      <styleUrl>#generic,summit,valley,mountainpass,water,food,danger,firstaid,sprint,straight,left,tsll,tshl,right,tslr,tshr,tu,residence,hostel,parking,station,attention,information,viewpoint,sightseeing,barbecue,campingground,geocache,playground,bathingfacilities,servicestation</styleUrl>
      <Point>
        <coordinates>-79.3905437,43.61759190,78.000000</coordinates>
      </Point>
    </Placemark>
    <Placemark>
      <name>Path to Hanlan's Point Beach</name>
      <description><![CDATA[The proverbial "Fork in the Road". What is it gonna be?  Go right and follow the safe and pleasant path that skirts the inner waterway, or go left and walk a little on the wild side- a beach where you can go wild that is, and one where there will be some folks without any clothes on?

If you want to avoid the beach completely, stick to the right, and jump to Stop 13.

If you're game for the beach you now have two options. Both involve taking the paved path that branches left. Should you be interested in spending a little time on the clothing optional beach, head for the water at the first sandy-pathed break in the treeline to your left.

If you're feeling a little more modest, stick to the paved path for 7 or 8 minutes till you reach the tennis courts on your right. To your left will be a wooden arch and a boardwalk over the sand. Follow this and you will arrive safely on the clothed portion of the beach.]]></description>
      <styleUrl>#generic,summit,valley,mountainpass,water,food,danger,firstaid,sprint,straight,left,tsll,tshl,right,tslr,tshr,tu,residence,hostel,parking,station,attention,information,viewpoint,sightseeing,barbecue,campingground,geocache,playground,bathingfacilities,servicestation</styleUrl>
      <Point>
        <coordinates>-79.3901300,43.61546000,83.000000</coordinates>
      </Point>
    </Placemark>
    <Placemark>
      <name>Gibralter Point Lighthouse</name>
      <description><![CDATA[Between Centreville and the Gibralter Point Lighthose you will pass buildings belonging to the water filtration plant, and access to the Gibralter Point Beach. 

The lighthouse is one of the City's oldest structures, dating from 1808. It once sat at the water's edge, but sand buildup over the years pushed the shoreline further to the south.

Other than its age, the lighthouse's main claim to fame is that it is said to be haunted. It's original light keeper died in mysterious circumstances way back in 1815, said to have been murdered by thirsty soldiers who were denied a second round from the keeper's keg. Islanders will tell you to this day that there are odd and unexplainable sightings in the area.

The lighthouse is rarely open, so stop to have a look, read the plaque, and move on towards the beach.]]></description>
      <styleUrl>#generic,summit,valley,mountainpass,water,food,danger,firstaid,sprint,straight,left,tsll,tshl,right,tslr,tshr,tu,residence,hostel,parking,station,attention,information,viewpoint,sightseeing,barbecue,campingground,geocache,playground,bathingfacilities,servicestation</styleUrl>
      <Point>
        <coordinates>-79.3853900,43.61371000,81.000000</coordinates>
      </Point>
    </Placemark>
    <Placemark>
      <name>Arched Bridge</name>
      <description><![CDATA[Turning 180 degrees from the pier and walking north away from the lake will take you through a plaza flanked by water features, gardens, and towards a centrally placed fountain. Just beyond the fountain is a pretty arched bridge that will take you off of Centre Island onto Middle Island, home of the Centre Island ferry dock and to the youngsters' amusement park known as Centreville.

If you have toddlers who are in desperate need of stimulation and or downtime, then this is your cue to break away from the rest of the guide, enjoy some kiddy time, then make your way back "city-side" using the Centre Island ferry dock. (See next POI)

If, however, you are game to carry on then perhaps you stop half way over the bridge and look to your left down the regatta course. The water's edge is beautifully manicured, inviting a leisurely picnic.]]></description>
      <styleUrl>#generic,summit,valley,mountainpass,water,food,danger,firstaid,sprint,straight,left,tsll,tshl,right,tslr,tshr,tu,residence,hostel,parking,station,attention,information,viewpoint,sightseeing,barbecue,campingground,geocache,playground,bathingfacilities,servicestation</styleUrl>
      <Point>
        <coordinates>-79.3743100,43.61909000,79.000000</coordinates>
      </Point>
    </Placemark>
    <Placemark>
      <name>Centreville Amusement Park</name>
      <description><![CDATA[As noted above, Centreville is a great destination for the amusement of youngsters. Although they claim to be an all ages facility, it is doubtful that a tween or teen would find much to be amused about. But if you have a young one, a ride in the Twirling Tea Cups or the floating swans could be fun.]]></description>
      <styleUrl>#generic,summit,valley,mountainpass,water,food,danger,firstaid,sprint,straight,left,tsll,tshl,right,tslr,tshr,tu,residence,hostel,parking,station,attention,information,viewpoint,sightseeing,barbecue,campingground,geocache,playground,bathingfacilities,servicestation</styleUrl>
      <Point>
        <coordinates>-79.3728100,43.62020000,78.000000</coordinates>
      </Point>
    </Placemark>
    <Placemark>
      <name>Centre Island Pier</name>
      <description><![CDATA[Nothing special about the pier, really. It's a 1960's era concrete structure projecting out into the lake, but who can resist the urge to walk out above the water and take a look? Immediately to your right you'll be able to check out the main public/ family beach on the islands. And most days at the end of the pier there will be a couple of fishermen patiently trying their luck.]]></description>
      <styleUrl>#generic,summit,valley,mountainpass,water,food,danger,firstaid,sprint,straight,left,tsll,tshl,right,tslr,tshr,tu,residence,hostel,parking,station,attention,information,viewpoint,sightseeing,barbecue,campingground,geocache,playground,bathingfacilities,servicestation</styleUrl>
      <Point>
        <coordinates>-79.3711942,43.61569280,74.000000</coordinates>
      </Point>
    </Placemark>
    <Placemark>
      <name>The Boardwalk</name>
      <description><![CDATA[The boardwalk hugs the Lake Ontario shoreline. It is constructed atop rocks which were placed to stabilize the sandy island and prevent its eventual erosion by the lake currents.

For about half the distance to the Centre Island pier the boardwalk looks directly across to the Leslie Street Spit, or officially the Outer Harbour East Headland, a man-made strip of land that projects into the lake further sheltering the islands. The Spit was begun in order to create a vast new port for Toronto, but before it could be completed shipping traffic on the Great Lakes had dropped substantially and dreams of a thriving port were abandoned. The spit has naturalized over the years and is now home again to a multitude of bird species that had once left the region.]]></description>
      <styleUrl>#generic,summit,valley,mountainpass,water,food,danger,firstaid,sprint,straight,left,tsll,tshl,right,tslr,tshr,tu,residence,hostel,parking,station,attention,information,viewpoint,sightseeing,barbecue,campingground,geocache,playground,bathingfacilities,servicestation</styleUrl>
      <Point>
        <coordinates>-79.3546700,43.62949000,79.000000</coordinates>
      </Point>
    </Placemark>
    <Placemark>
      <name>Ward's Island Community</name>
      <description><![CDATA[As you disembark the ferry, follow the path (Bayview Av) to the left (east) along the water's edge and head into the tranquil atmosphere of Ward's Island. As you ramble the lanes you'll notice that some of the cottages have retained the ramshackle and handmade look that predominated back when their future was tenuous, and others have been renovated to very modern standards. What provides consistency to the community is the network of narrow sidewalks (the streets and avenues) that form the framework of the enclave.

Make sure you stop at the corner of 1st St. and Channel Av. to check out the lovely cottages, their beautiful gardens, and especially their stunning views back to the city.

Following Channel Avenue, return towards the ferry dock, turning left (south) at the Island Cafe and follow Withrow St. to Lakeshore Avenue near the beach. (To your left are restrooms.) Turn right and follow the path past the houses and the end of the beach, picking up the boardwalk.]]></description>
      <styleUrl>#generic,summit,valley,mountainpass,water,food,danger,firstaid,sprint,straight,left,tsll,tshl,right,tslr,tshr,tu,residence,hostel,parking,station,attention,information,viewpoint,sightseeing,barbecue,campingground,geocache,playground,bathingfacilities,servicestation</styleUrl>
      <Point>
        <coordinates>-79.3551600,43.63268180,84.000000</coordinates>
      </Point>
    </Placemark>
    <Placemark>
      <name>Ward's Island Ferry Dock</name>
      <description><![CDATA[As you dock, to your right is the channel separating Centre Island from Algonquin Island, filled with boats belonging to members of the Queen City Yacht Club. To your left across the lawns are the laneways of the Ward's Island community. Straight ahead lies the Ward's Island Association Clubhouse with its Island Cafe.]]></description>
      <styleUrl>#generic,summit,valley,mountainpass,water,food,danger,firstaid,sprint,straight,left,tsll,tshl,right,tslr,tshr,tu,residence,hostel,parking,station,attention,information,viewpoint,sightseeing,barbecue,campingground,geocache,playground,bathingfacilities,servicestation</styleUrl>
      <Point>
        <coordinates>-79.3577081,43.63140050,74.000000</coordinates>
      </Point>
    </Placemark>
    <Placemark>
      <name>Toronto Islands Trail</name>
      <visibility>1</visibility>
      <open>1</open>
      <Snippet maxLines="0" />
      <description><![CDATA[Generated by AllTrails https://www.alltrails.com/]]></description>
      <styleUrl>#gpsiesStyle</styleUrl>
      <MultiGeometry>
        <LineString>
          <extrude>true</extrude>
          <tessellate>true</tessellate>
          <coordinates>-79.3893000,43.62772000,75.000000
-79.3893200,43.62765000,75.000000
-79.3893500,43.62761000,75.000000
-79.3893900,43.62757000,76.000000
-79.3894400,43.62753000,76.000000
-79.3894800,43.62750000,77.000000
-79.3895200,43.62746000,77.000000
-79.3895600,43.62742000,78.000000
-79.3896000,43.62738000,78.000000
-79.3896400,43.62734000,78.000000
-79.3896700,43.62730000,79.000000
-79.3896900,43.62726000,79.000000
-79.3897100,43.62721000,79.000000
-79.3897200,43.62716000,79.000000
-79.3897300,43.62712000,79.000000
-79.3897300,43.62707000,79.000000
-79.3897400,43.62703000,79.000000
-79.3897400,43.62698000,79.000000
-79.3897700,43.62693000,79.000000
-79.3897700,43.62687000,79.000000
-79.3897700,43.62682000,79.000000
-79.3897700,43.62677000,79.000000
-79.3897600,43.62672000,79.000000
-79.3897700,43.62668000,78.000000
-79.3897700,43.62663000,78.000000
-79.3897800,43.62658000,78.000000
-79.3897800,43.62653000,78.000000
-79.3897800,43.62649000,78.000000
-79.3897900,43.62644000,78.000000
-79.3897900,43.62639000,79.000000
-79.3897900,43.62634000,79.000000
-79.3897900,43.62628000,79.000000
-79.3897900,43.62623000,79.000000
-79.3897800,43.62619000,79.000000
-79.3897800,43.62614000,79.000000
-79.3897900,43.62610000,80.000000
-79.3897900,43.62605000,80.000000
-79.3898000,43.62600000,80.000000
-79.3898000,43.62595000,80.000000
-79.3898100,43.62591000,81.000000
-79.3898100,43.62586000,81.000000
-79.3898100,43.62582000,81.000000
-79.3898100,43.62577000,81.000000
-79.3898100,43.62572000,81.000000
-79.3898100,43.62567000,82.000000
-79.3898200,43.62563000,82.000000
-79.3898200,43.62558000,82.000000
-79.3898300,43.62553000,82.000000
-79.3898400,43.62546000,81.000000
-79.3898600,43.62541000,81.000000
-79.3898700,43.62536000,81.000000
-79.3898900,43.62531000,81.000000
-79.3899000,43.62527000,80.000000
-79.3899200,43.62522000,80.000000
-79.3899300,43.62517000,80.000000
-79.3899400,43.62512000,80.000000
-79.3899500,43.62508000,80.000000
-79.3899600,43.62502000,79.000000
-79.3899800,43.62497000,79.000000
-79.3899900,43.62493000,79.000000
-79.3900100,43.62487000,79.000000
-79.3900300,43.62482000,78.000000
-79.3900400,43.62477000,78.000000
-79.3900600,43.62473000,78.000000
-79.3900600,43.62468000,78.000000
-79.3900700,43.62463000,78.000000
-79.3900800,43.62459000,78.000000
-79.3900800,43.62454000,77.000000
-79.3900900,43.62449000,77.000000
-79.3901000,43.62444000,77.000000
-79.3901000,43.62439000,77.000000
-79.3901100,43.62435000,77.000000
-79.3901200,43.62430000,77.000000
-79.3901300,43.62426000,77.000000
-79.3901400,43.62420000,77.000000
-79.3901400,43.62416000,77.000000
-79.3901600,43.62411000,77.000000
-79.3901700,43.62406000,77.000000
-79.3901800,43.62401000,77.000000
-79.3902000,43.62396000,77.000000
-79.3902100,43.62392000,77.000000
-79.3902200,43.62388000,77.000000
-79.3902400,43.62383000,77.000000
-79.3902500,43.62379000,77.000000
-79.3902700,43.62374000,77.000000
-79.3902800,43.62369000,77.000000
-79.3902900,43.62364000,77.000000
-79.3903000,43.62359000,78.000000
-79.3903100,43.62354000,78.000000
-79.3903200,43.62349000,78.000000
-79.3903300,43.62345000,78.000000
-79.3903400,43.62340000,78.000000
-79.3903400,43.62338000,78.000000
-79.3903800,43.62329000,79.000000
-79.3903900,43.62325000,79.000000
-79.3904000,43.62320000,79.000000
-79.3904200,43.62315000,80.000000
-79.3904300,43.62310000,80.000000
-79.3904500,43.62306000,81.000000
-79.3904600,43.62301000,81.000000
-79.3904700,43.62296000,81.000000
-79.3904900,43.62291000,81.000000
-79.3905000,43.62286000,81.000000
-79.3905100,43.62282000,80.000000
-79.3905200,43.62277000,80.000000
-79.3905300,43.62272000,80.000000
-79.3905400,43.62267000,79.000000
-79.3905400,43.62261000,78.000000
-79.3905500,43.62256000,77.000000
-79.3905400,43.62251000,77.000000
-79.3905400,43.62247000,77.000000
-79.3905300,43.62242000,77.000000
-79.3905200,43.62236000,77.000000
-79.3905200,43.62231000,77.000000
-79.3905100,43.62226000,77.000000
-79.3905100,43.62221000,76.000000
-79.3905000,43.62215000,76.000000
-79.3904900,43.62211000,76.000000
-79.3904900,43.62205000,76.000000
-79.3904900,43.62200000,76.000000
-79.3904900,43.62195000,76.000000
-79.3904900,43.62190000,76.000000
-79.3904900,43.62186000,76.000000
-79.3904900,43.62182000,76.000000
-79.3905000,43.62179000,76.000000
-79.3905000,43.62174000,76.000000
-79.3905000,43.62167000,75.000000
-79.3905000,43.62161000,75.000000
-79.3905000,43.62156000,75.000000
-79.3905200,43.62151000,75.000000
-79.3905200,43.62146000,75.000000
-79.3905200,43.62141000,75.000000
-79.3905200,43.62136000,75.000000
-79.3905100,43.62132000,76.000000
-79.3905100,43.62127000,76.000000
-79.3905100,43.62121000,76.000000
-79.3905100,43.62116000,76.000000
-79.3905100,43.62112000,76.000000
-79.3905300,43.62107000,77.000000
-79.3905400,43.62102000,77.000000
-79.3905500,43.62097000,77.000000
-79.3905500,43.62093000,77.000000
-79.3905600,43.62088000,77.000000
-79.3905700,43.62083000,78.000000
-79.3905700,43.62076000,78.000000
-79.3905800,43.62072000,78.000000
-79.3905800,43.62067000,78.000000
-79.3905900,43.62063000,78.000000
-79.3905900,43.62058000,78.000000
-79.3906000,43.62053000,78.000000
-79.3906100,43.62048000,78.000000
-79.3906200,43.62044000,78.000000
-79.3906200,43.62039000,78.000000
-79.3906300,43.62034000,78.000000
-79.3906300,43.62030000,78.000000
-79.3906400,43.62025000,77.000000
-79.3906400,43.62021000,77.000000
-79.3906500,43.62015000,77.000000
-79.3906600,43.62011000,76.000000
-79.3906800,43.62006000,76.000000
-79.3906900,43.62002000,76.000000
-79.3907200,43.61997000,76.000000
-79.3907400,43.61993000,76.000000
-79.3907700,43.61988000,76.000000
-79.3907900,43.61984000,76.000000
-79.3908200,43.61979000,76.000000
-79.3908400,43.61975000,75.000000
-79.3908500,43.61970000,76.000000
-79.3908600,43.61965000,76.000000
-79.3908700,43.61963000,76.000000
-79.3908700,43.61960000,77.000000
-79.3908700,43.61956000,77.000000
-79.3908700,43.61951000,78.000000
-79.3908700,43.61947000,78.000000
-79.3908700,43.61942000,78.000000
-79.3908400,43.61938000,79.000000
-79.3908200,43.61933000,79.000000
-79.3908100,43.61928000,79.000000
-79.3908100,43.61923000,79.000000
-79.3908100,43.61918000,79.000000
-79.3908100,43.61913000,79.000000
-79.3908200,43.61908000,79.000000
-79.3908300,43.61903000,79.000000
-79.3908300,43.61899000,79.000000
-79.3908400,43.61894000,79.000000
-79.3908300,43.61889000,79.000000
-79.3908300,43.61884000,79.000000
-79.3908300,43.61879000,79.000000
-79.3908400,43.61873000,79.000000
-79.3908500,43.61869000,79.000000
-79.3908600,43.61864000,79.000000
-79.3908600,43.61859000,80.000000
-79.3908600,43.61854000,80.000000
-79.3908600,43.61849000,80.000000
-79.3908400,43.61844000,80.000000
-79.3908100,43.61839000,80.000000
-79.3907700,43.61835000,80.000000
-79.3907500,43.61830000,80.000000
-79.3907300,43.61826000,80.000000
-79.3907100,43.61821000,79.000000
-79.3907000,43.61817000,79.000000
-79.3906800,43.61812000,79.000000
-79.3906700,43.61808000,78.000000
-79.3906600,43.61803000,78.000000
-79.3906600,43.61798000,78.000000
-79.3906500,43.61793000,78.000000
-79.3906500,43.61789000,78.000000
-79.3906400,43.61784000,78.000000
-79.3906200,43.61779000,78.000000
-79.3906100,43.61775000,78.000000
-79.3905900,43.61770000,78.000000
-79.3905800,43.61766000,78.000000
-79.3905600,43.61762000,78.000000
-79.3905500,43.61759000,78.000000
-79.3905200,43.61753000,78.000000
-79.3905000,43.61749000,78.000000
-79.3904700,43.61745000,79.000000
-79.3904500,43.61741000,80.000000
-79.3904200,43.61736000,81.000000
-79.3903900,43.61732000,81.000000
-79.3903600,43.61728000,82.000000
-79.3903300,43.61724000,82.000000
-79.3902900,43.61720000,83.000000
-79.3902600,43.61716000,83.000000
-79.3902200,43.61713000,83.000000
-79.3901800,43.61709000,83.000000
-79.3901400,43.61705000,83.000000
-79.3900900,43.61702000,83.000000
-79.3900500,43.61698000,83.000000
-79.3900100,43.61694000,83.000000
-79.3899800,43.61690000,82.000000
-79.3899400,43.61687000,82.000000
-79.3899000,43.61683000,82.000000
-79.3898600,43.61679000,81.000000
-79.3898300,43.61676000,81.000000
-79.3897900,43.61672000,81.000000
-79.3897600,43.61668000,81.000000
-79.3897200,43.61663000,81.000000
-79.3896800,43.61659000,81.000000
-79.3896500,43.61655000,81.000000
-79.3896300,43.61650000,81.000000
-79.3896000,43.61645000,81.000000
-79.3895700,43.61642000,81.000000
-79.3895400,43.61637000,81.000000
-79.3895100,43.61633000,81.000000
-79.3894800,43.61628000,81.000000
-79.3894500,43.61624000,82.000000
-79.3894200,43.61619000,82.000000
-79.3894000,43.61615000,82.000000
-79.3893700,43.61611000,82.000000
-79.3893500,43.61606000,83.000000
-79.3893200,43.61600000,83.000000
-79.3893100,43.61596000,84.000000
-79.3892900,43.61591000,84.000000
-79.3892800,43.61586000,85.000000
-79.3892700,43.61582000,85.000000
-79.3892900,43.61577000,85.000000
-79.3892900,43.61572000,85.000000
-79.3893100,43.61568000,86.000000
-79.3893300,43.61563000,86.000000
-79.3893600,43.61559000,86.000000
-79.3893900,43.61555000,86.000000
-79.3894000,43.61553000,85.000000
-79.3894200,43.61551000,85.000000
-79.3894600,43.61547000,85.000000
-79.3894900,43.61543000,84.000000
-79.3895300,43.61539000,84.000000
-79.3895600,43.61535000,84.000000
-79.3895800,43.61531000,83.000000
-79.3896200,43.61526000,83.000000
-79.3896400,43.61522000,83.000000
-79.3896600,43.61518000,82.000000
-79.3896900,43.61514000,82.000000
-79.3897300,43.61510000,82.000000
-79.3897600,43.61510000,82.000000
-79.3897700,43.61503000,82.000000
-79.3897600,43.61498000,81.000000
-79.3897700,43.61493000,81.000000
-79.3897700,43.61489000,81.000000
-79.3897700,43.61484000,81.000000
-79.3897600,43.61479000,81.000000
-79.3897600,43.61474000,81.000000
-79.3897600,43.61469000,81.000000
-79.3897500,43.61464000,80.000000
-79.3897400,43.61459000,80.000000
-79.3897300,43.61454000,80.000000
-79.3897200,43.61450000,80.000000
-79.3896900,43.61445000,79.000000
-79.3896700,43.61441000,79.000000
-79.3896400,43.61437000,79.000000
-79.3896100,43.61432000,78.000000
-79.3895800,43.61429000,78.000000
-79.3895400,43.61424000,78.000000
-79.3895000,43.61420000,78.000000
-79.3894600,43.61416000,78.000000
-79.3894200,43.61412000,78.000000
-79.3893800,43.61408000,78.000000
-79.3893400,43.61404000,78.000000
-79.3892900,43.61401000,78.000000
-79.3892400,43.61397000,78.000000
-79.3891900,43.61393000,78.000000
-79.3891500,43.61390000,78.000000
-79.3891000,43.61387000,79.000000
-79.3890500,43.61384000,79.000000
-79.3889900,43.61380000,79.000000
-79.3889400,43.61376000,79.000000
-79.3888800,43.61373000,79.000000
-79.3888300,43.61370000,79.000000
-79.3887900,43.61366000,79.000000
-79.3887400,43.61363000,79.000000
-79.3886800,43.61360000,79.000000
-79.3886200,43.61358000,79.000000
-79.3885700,43.61355000,78.000000
-79.3885100,43.61353000,78.000000
-79.3884500,43.61349000,78.000000
-79.3883900,43.61346000,78.000000
-79.3883400,43.61343000,78.000000
-79.3882800,43.61342000,78.000000
-79.3882200,43.61340000,78.000000
-79.3881700,43.61338000,78.000000
-79.3880700,43.61335000,77.000000
-79.3880100,43.61334000,78.000000
-79.3879400,43.61333000,78.000000
-79.3878700,43.61332000,78.000000
-79.3878100,43.61332000,78.000000
-79.3877500,43.61331000,79.000000
-79.3876800,43.61330000,79.000000
-79.3876000,43.61329000,79.000000
-79.3875300,43.61328000,80.000000
-79.3874700,43.61327000,80.000000
-79.3874000,43.61327000,80.000000
-79.3873400,43.61327000,80.000000
-79.3872700,43.61327000,80.000000
-79.3872100,43.61326000,80.000000
-79.3871400,43.61326000,80.000000
-79.3870800,43.61325000,80.000000
-79.3870200,43.61324000,81.000000
-79.3869500,43.61323000,81.000000
-79.3868900,43.61322000,81.000000
-79.3868200,43.61321000,81.000000
-79.3867500,43.61320000,81.000000
-79.3866900,43.61318000,81.000000
-79.3866200,43.61317000,81.000000
-79.3865500,43.61316000,81.000000
-79.3864800,43.61315000,81.000000
-79.3864100,43.61314000,81.000000
-79.3863400,43.61313000,81.000000
-79.3862800,43.61311000,80.000000
-79.3862200,43.61310000,80.000000
-79.3861500,43.61309000,80.000000
-79.3860900,43.61308000,80.000000
-79.3860200,43.61306000,80.000000
-79.3859500,43.61306000,80.000000
-79.3858900,43.61306000,80.000000
-79.3858200,43.61307000,81.000000
-79.3857600,43.61308000,81.000000
-79.3857000,43.61307000,81.000000
-79.3856300,43.61306000,81.000000
-79.3855700,43.61307000,81.000000
-79.3855000,43.61308000,81.000000
-79.3854400,43.61310000,81.000000
-79.3853800,43.61310000,81.000000
-79.3853100,43.61311000,81.000000
-79.3852500,43.61313000,80.000000
-79.3851900,43.61315000,80.000000
-79.3851200,43.61316000,80.000000
-79.3850600,43.61317000,80.000000
-79.3850000,43.61318000,80.000000
-79.3849400,43.61319000,79.000000
-79.3848800,43.61320000,79.000000
-79.3848100,43.61320000,79.000000
-79.3847400,43.61321000,79.000000
-79.3846800,43.61322000,79.000000
-79.3846200,43.61322000,79.000000
-79.3845500,43.61322000,79.000000
-79.3844500,43.61322000,79.000000
-79.3843900,43.61321000,78.000000
-79.3843100,43.61321000,78.000000
-79.3842400,43.61322000,78.000000
-79.3841800,43.61322000,78.000000
-79.3841200,43.61322000,78.000000
-79.3840500,43.61322000,77.000000
-79.3839800,43.61322000,77.000000
-79.3839200,43.61323000,77.000000
-79.3838500,43.61323000,77.000000
-79.3837800,43.61324000,77.000000
-79.3837100,43.61324000,77.000000
-79.3836500,43.61324000,77.000000
-79.3835800,43.61324000,78.000000
-79.3835200,43.61323000,78.000000
-79.3834500,43.61323000,78.000000
-79.3833800,43.61323000,78.000000
-79.3833100,43.61323000,78.000000
-79.3832400,43.61322000,79.000000
-79.3831800,43.61322000,79.000000
-79.3831100,43.61322000,79.000000
-79.3830400,43.61321000,79.000000
-79.3829800,43.61320000,79.000000
-79.3829200,43.61320000,79.000000
-79.3828600,43.61319000,79.000000
-79.3827700,43.61318000,79.000000
-79.3827000,43.61317000,79.000000
-79.3826300,43.61317000,79.000000
-79.3825700,43.61316000,79.000000
-79.3825100,43.61316000,79.000000
-79.3824400,43.61316000,79.000000
-79.3823700,43.61316000,79.000000
-79.3823100,43.61315000,79.000000
-79.3822600,43.61316000,79.000000
-79.3821700,43.61316000,79.000000
-79.3821000,43.61316000,79.000000
-79.3820400,43.61317000,79.000000
-79.3819800,43.61318000,79.000000
-79.3819200,43.61319000,79.000000
-79.3818500,43.61321000,79.000000
-79.3817900,43.61322000,79.000000
-79.3817200,43.61323000,78.000000
-79.3816600,43.61325000,78.000000
-79.3816000,43.61326000,78.000000
-79.3815400,43.61328000,78.000000
-79.3814900,43.61330000,78.000000
-79.3814300,43.61332000,78.000000
-79.3813700,43.61334000,77.000000
-79.3813100,43.61336000,77.000000
-79.3812500,43.61337000,77.000000
-79.3811800,43.61340000,76.000000
-79.3811200,43.61342000,76.000000
-79.3810600,43.61344000,76.000000
-79.3810000,43.61346000,76.000000
-79.3809300,43.61348000,76.000000
-79.3808700,43.61350000,76.000000
-79.3808100,43.61352000,76.000000
-79.3807400,43.61353000,77.000000
-79.3806800,43.61355000,77.000000
-79.3806200,43.61357000,77.000000
-79.3805600,43.61359000,77.000000
-79.3805100,43.61362000,78.000000
-79.3804500,43.61364000,78.000000
-79.3803900,43.61366000,78.000000
-79.3803400,43.61369000,78.000000
-79.3802800,43.61371000,78.000000
-79.3802200,43.61373000,78.000000
-79.3801700,43.61376000,78.000000
-79.3801100,43.61379000,78.000000
-79.3800600,43.61383000,78.000000
-79.3800000,43.61384000,78.000000
-79.3799400,43.61386000,78.000000
-79.3798800,43.61388000,78.000000
-79.3798200,43.61390000,78.000000
-79.3797600,43.61391000,78.000000
-79.3797000,43.61393000,79.000000
-79.3796400,43.61395000,79.000000
-79.3796000,43.61396000,79.000000
-79.3795300,43.61399000,80.000000
-79.3794400,43.61400000,80.000000
-79.3793700,43.61400000,80.000000
-79.3793500,43.61400000,80.000000
-79.3792500,43.61401000,80.000000
-79.3791700,43.61401000,80.000000
-79.3791100,43.61401000,81.000000
-79.3790500,43.61401000,81.000000
-79.3789800,43.61402000,81.000000
-79.3789200,43.61402000,81.000000
-79.3788400,43.61402000,81.000000
-79.3787800,43.61402000,81.000000
-79.3787100,43.61402000,81.000000
-79.3786500,43.61403000,81.000000
-79.3785900,43.61404000,80.000000
-79.3785300,43.61406000,80.000000
-79.3784700,43.61408000,79.000000
-79.3784100,43.61410000,78.000000
-79.3783500,43.61411000,78.000000
-79.3782900,43.61413000,77.000000
-79.3782300,43.61416000,76.000000
-79.3781600,43.61419000,76.000000
-79.3780900,43.61422000,75.000000
-79.3780400,43.61425000,75.000000
-79.3779800,43.61427000,75.000000
-79.3779200,43.61429000,74.000000
-79.3778600,43.61432000,74.000000
-79.3777900,43.61435000,74.000000
-79.3777300,43.61438000,74.000000
-79.3776700,43.61440000,74.000000
-79.3776100,43.61442000,74.000000
-79.3775500,43.61444000,74.000000
-79.3774900,43.61447000,75.000000
-79.3774300,43.61449000,75.000000
-79.3773700,43.61451000,75.000000
-79.3773200,43.61453000,75.000000
-79.3772600,43.61456000,75.000000
-79.3772100,43.61458000,75.000000
-79.3771500,43.61461000,75.000000
-79.3771000,43.61464000,75.000000
-79.3770400,43.61466000,75.000000
-79.3769900,43.61469000,75.000000
-79.3769300,43.61471000,75.000000
-79.3768800,43.61474000,76.000000
-79.3768700,43.61474000,76.000000
-79.3767100,43.61481000,76.000000
-79.3766500,43.61483000,76.000000
-79.3765900,43.61486000,76.000000
-79.3765300,43.61488000,77.000000
-79.3764800,43.61491000,77.000000
-79.3764100,43.61495000,77.000000
-79.3763600,43.61498000,77.000000
-79.3763000,43.61500000,78.000000
-79.3762500,43.61504000,78.000000
-79.3762000,43.61506000,78.000000
-79.3761500,43.61509000,78.000000
-79.3761000,43.61512000,78.000000
-79.3760300,43.61515000,78.000000
-79.3759700,43.61519000,78.000000
-79.3759200,43.61522000,78.000000
-79.3758700,43.61525000,78.000000
-79.3758000,43.61528000,78.000000
-79.3757400,43.61531000,78.000000
-79.3756900,43.61533000,78.000000
-79.3756300,43.61536000,78.000000
-79.3755800,43.61539000,78.000000
-79.3755300,43.61542000,78.000000
-79.3754800,43.61545000,78.000000
-79.3754300,43.61548000,78.000000
-79.3753700,43.61551000,79.000000
-79.3753200,43.61555000,79.000000
-79.3752500,43.61558000,80.000000
-79.3752300,43.61560000,80.000000
-79.3752400,43.61564000,80.000000
-79.3752600,43.61568000,80.000000
-79.3752900,43.61572000,80.000000
-79.3753100,43.61577000,80.000000
-79.3753600,43.61582000,80.000000
-79.3754000,43.61585000,81.000000
-79.3754400,43.61589000,81.000000
-79.3754800,43.61593000,81.000000
-79.3755200,43.61597000,81.000000
-79.3755500,43.61601000,81.000000
-79.3755900,43.61605000,81.000000
-79.3756300,43.61609000,81.000000
-79.3756800,43.61613000,81.000000
-79.3757000,43.61617000,81.000000
-79.3757300,43.61622000,81.000000
-79.3757500,43.61626000,81.000000
-79.3757600,43.61632000,81.000000
-79.3757500,43.61638000,81.000000
-79.3757500,43.61644000,81.000000
-79.3757400,43.61650000,80.000000
-79.3757400,43.61654000,80.000000
-79.3757300,43.61659000,80.000000
-79.3757200,43.61661000,79.000000
-79.3757700,43.61662000,80.000000
-79.3758300,43.61662000,80.000000
-79.3758900,43.61661000,80.000000
-79.3759500,43.61659000,81.000000
-79.3760100,43.61657000,81.000000
-79.3760700,43.61655000,82.000000
-79.3761200,43.61652000,82.000000
-79.3761800,43.61650000,83.000000
-79.3762400,43.61648000,83.000000
-79.3763000,43.61645000,84.000000
-79.3763500,43.61643000,84.000000
-79.3764000,43.61640000,85.000000
-79.3764200,43.61635000,84.000000
-79.3764100,43.61631000,84.000000
-79.3764400,43.61626000,84.000000
-79.3764800,43.61623000,84.000000
-79.3765100,43.61619000,84.000000
-79.3765200,43.61614000,84.000000
-79.3765100,43.61610000,84.000000
-79.3764800,43.61605000,83.000000
-79.3764400,43.61602000,83.000000
-79.3763800,43.61599000,83.000000
-79.3763300,43.61598000,82.000000
-79.3762500,43.61598000,82.000000
-79.3761900,43.61600000,82.000000
-79.3761400,43.61602000,82.000000
-79.3761100,43.61606000,82.000000
-79.3760900,43.61611000,82.000000
-79.3760900,43.61615000,82.000000
-79.3761100,43.61620000,82.000000
-79.3761400,43.61624000,83.000000
-79.3762100,43.61625000,83.000000
-79.3762700,43.61624000,83.000000
-79.3763300,43.61622000,84.000000
-79.3763700,43.61618000,84.000000
-79.3763900,43.61614000,84.000000
-79.3763700,43.61610000,83.000000
-79.3763200,43.61607000,83.000000
-79.3762600,43.61607000,83.000000
-79.3762100,43.61609000,83.000000
-79.3761900,43.61614000,83.000000
-79.3762400,43.61616000,83.000000
-79.3762600,43.61613000,83.000000
-79.3762400,43.61616000,83.000000
-79.3761900,43.61614000,83.000000
-79.3762100,43.61609000,83.000000
-79.3762600,43.61607000,83.000000
-79.3763200,43.61607000,83.000000
-79.3763700,43.61610000,83.000000
-79.3763900,43.61614000,84.000000
-79.3763700,43.61618000,84.000000
-79.3763300,43.61622000,84.000000
-79.3762700,43.61624000,83.000000
-79.3762100,43.61625000,83.000000
-79.3761400,43.61624000,83.000000
-79.3761100,43.61620000,82.000000
-79.3760900,43.61615000,82.000000
-79.3760900,43.61611000,82.000000
-79.3761100,43.61606000,82.000000
-79.3761400,43.61602000,82.000000
-79.3761900,43.61600000,82.000000
-79.3762500,43.61598000,82.000000
-79.3763300,43.61598000,82.000000
-79.3763800,43.61599000,83.000000
-79.3764400,43.61602000,83.000000
-79.3764800,43.61605000,83.000000
-79.3765100,43.61610000,84.000000
-79.3765200,43.61614000,84.000000
-79.3765100,43.61619000,84.000000
-79.3764800,43.61623000,84.000000
-79.3764400,43.61626000,84.000000
-79.3764100,43.61631000,84.000000
-79.3764200,43.61635000,84.000000
-79.3764000,43.61640000,85.000000
-79.3763500,43.61643000,84.000000
-79.3763000,43.61645000,84.000000
-79.3762400,43.61648000,83.000000
-79.3761800,43.61650000,83.000000
-79.3761200,43.61652000,82.000000
-79.3760700,43.61655000,82.000000
-79.3760100,43.61657000,81.000000
-79.3759500,43.61659000,81.000000
-79.3758900,43.61661000,80.000000
-79.3758300,43.61662000,80.000000
-79.3757700,43.61662000,80.000000
-79.3757200,43.61661000,79.000000
-79.3757200,43.61664000,79.000000
-79.3757100,43.61668000,79.000000
-79.3756800,43.61672000,79.000000
-79.3757000,43.61677000,79.000000
-79.3757000,43.61682000,79.000000
-79.3757000,43.61687000,79.000000
-79.3757100,43.61693000,79.000000
-79.3756800,43.61697000,78.000000
-79.3756600,43.61702000,78.000000
-79.3756500,43.61706000,78.000000
-79.3756500,43.61711000,78.000000
-79.3756800,43.61715000,78.000000
-79.3757000,43.61720000,79.000000
-79.3757300,43.61724000,79.000000
-79.3757500,43.61729000,79.000000
-79.3757700,43.61733000,78.000000
-79.3757900,43.61737000,78.000000
-79.3758300,43.61741000,78.000000
-79.3758700,43.61745000,78.000000
-79.3759200,43.61749000,78.000000
-79.3759500,43.61752000,78.000000
-79.3760100,43.61756000,78.000000
-79.3760500,43.61760000,78.000000
-79.3760900,43.61764000,78.000000
-79.3761300,43.61767000,79.000000
-79.3761600,43.61772000,79.000000
-79.3761900,43.61776000,79.000000
-79.3762100,43.61780000,79.000000
-79.3762200,43.61785000,79.000000
-79.3761900,43.61789000,79.000000
-79.3761200,43.61792000,79.000000
-79.3760500,43.61793000,79.000000
-79.3759900,43.61794000,79.000000
-79.3759300,43.61796000,79.000000
-79.3758700,43.61795000,79.000000
-79.3758100,43.61792000,79.000000
-79.3757700,43.61788000,78.000000
-79.3757300,43.61784000,78.000000
-79.3756900,43.61780000,78.000000
-79.3756500,43.61777000,78.000000
-79.3755900,43.61776000,78.000000
-79.3755200,43.61776000,79.000000
-79.3754600,43.61778000,79.000000
-79.3753900,43.61780000,79.000000
-79.3753300,43.61783000,80.000000
-79.3752800,43.61786000,80.000000
-79.3752300,43.61789000,80.000000
-79.3751800,43.61792000,80.000000
-79.3751300,43.61795000,80.000000
-79.3750800,43.61798000,80.000000
-79.3750200,43.61800000,80.000000
-79.3749600,43.61803000,80.000000
-79.3749100,43.61805000,80.000000
-79.3748500,43.61808000,80.000000
-79.3747800,43.61811000,80.000000
-79.3747300,43.61814000,80.000000
-79.3746700,43.61817000,80.000000
-79.3746200,43.61820000,80.000000
-79.3746100,43.61821000,80.000000
-79.3745200,43.61826000,80.000000
-79.3744600,43.61829000,80.000000
-79.3744100,43.61832000,80.000000
-79.3743500,43.61835000,79.000000
-79.3743000,43.61837000,79.000000
-79.3742400,43.61840000,79.000000
-79.3741900,43.61843000,79.000000
-79.3741400,43.61845000,79.000000
-79.3740800,43.61848000,78.000000
-79.3740400,43.61852000,78.000000
-79.3740000,43.61855000,78.000000
-79.3739700,43.61859000,78.000000
-79.3739400,43.61863000,78.000000
-79.3738800,43.61867000,78.000000
-79.3738200,43.61868000,78.000000
-79.3737700,43.61865000,78.000000
-79.3737300,43.61861000,78.000000
-79.3737000,43.61857000,78.000000
-79.3736900,43.61852000,78.000000
-79.3736700,43.61847000,78.000000
-79.3736500,43.61842000,78.000000
-79.3736400,43.61837000,78.000000
-79.3736100,43.61833000,79.000000
-79.3735800,43.61828000,79.000000
-79.3735400,43.61824000,79.000000
-79.3735100,43.61820000,79.000000
-79.3734800,43.61816000,79.000000
-79.3734400,43.61812000,79.000000
-79.3734000,43.61808000,79.000000
-79.3733700,43.61804000,79.000000
-79.3733200,43.61801000,78.000000
-79.3732800,43.61797000,78.000000
-79.3732300,43.61794000,78.000000
-79.3732000,43.61790000,78.000000
-79.3731300,43.61782000,78.000000
-79.3730900,43.61778000,78.000000
-79.3730600,43.61774000,78.000000
-79.3730200,43.61770000,78.000000
-79.3729700,43.61767000,78.000000
-79.3729100,43.61768000,78.000000
-79.3728500,43.61770000,78.000000
-79.3727900,43.61772000,78.000000
-79.3727300,43.61773000,79.000000
-79.3726900,43.61769000,79.000000
-79.3726600,43.61765000,79.000000
-79.3726200,43.61761000,79.000000
-79.3725800,43.61757000,79.000000
-79.3725400,43.61754000,79.000000
-79.3725000,43.61750000,80.000000
-79.3724600,43.61746000,79.000000
-79.3724100,43.61742000,79.000000
-79.3723800,43.61738000,79.000000
-79.3723400,43.61734000,79.000000
-79.3723100,43.61730000,79.000000
-79.3722800,43.61726000,79.000000
-79.3722300,43.61722000,78.000000
-79.3722000,43.61718000,78.000000
-79.3721400,43.61715000,78.000000
-79.3720800,43.61716000,78.000000
-79.3720100,43.61716000,78.000000
-79.3719600,43.61718000,77.000000
-79.3719000,43.61721000,77.000000
-79.3718400,43.61723000,78.000000
-79.3717800,43.61726000,78.000000
-79.3717300,43.61729000,78.000000
-79.3716700,43.61731000,78.000000
-79.3716100,43.61733000,78.000000
-79.3715600,43.61736000,78.000000
-79.3715100,43.61739000,78.000000
-79.3714400,43.61741000,77.000000
-79.3713900,43.61744000,77.000000
-79.3713500,43.61747000,77.000000
-79.3712900,43.61750000,77.000000
-79.3712400,43.61753000,77.000000
-79.3711800,43.61755000,77.000000
-79.3711200,43.61757000,77.000000
-79.3710600,43.61760000,76.000000
-79.3710100,43.61763000,76.000000
-79.3709600,43.61765000,76.000000
-79.3709100,43.61768000,76.000000
-79.3708500,43.61770000,76.000000
-79.3707900,43.61773000,76.000000
-79.3707500,43.61776000,76.000000
-79.3706900,43.61778000,76.000000
-79.3706300,43.61781000,76.000000
-79.3705700,43.61783000,76.000000
-79.3705200,43.61786000,76.000000
-79.3704500,43.61787000,77.000000
-79.3704000,43.61791000,77.000000
-79.3703500,43.61794000,77.000000
-79.3702900,43.61797000,78.000000
-79.3702400,43.61800000,78.000000
-79.3701700,43.61802000,78.000000
-79.3701000,43.61805000,78.000000
-79.3700400,43.61807000,79.000000
-79.3699900,43.61809000,79.000000
-79.3699300,43.61812000,79.000000
-79.3698600,43.61814000,79.000000
-79.3698000,43.61816000,80.000000
-79.3697900,43.61818000,80.000000
-79.3696900,43.61822000,80.000000
-79.3696300,43.61824000,80.000000
-79.3695800,43.61826000,80.000000
-79.3695200,43.61829000,80.000000
-79.3694400,43.61832000,80.000000
-79.3693900,43.61835000,80.000000
-79.3693300,43.61837000,80.000000
-79.3692700,43.61839000,80.000000
-79.3692200,43.61842000,81.000000
-79.3691600,43.61844000,81.000000
-79.3690900,43.61846000,81.000000
-79.3690400,43.61848000,81.000000
-79.3689800,43.61850000,81.000000
-79.3689100,43.61852000,81.000000
-79.3688500,43.61854000,80.000000
-79.3687900,43.61857000,80.000000
-79.3687300,43.61859000,80.000000
-79.3686700,43.61861000,80.000000
-79.3686100,43.61864000,80.000000
-79.3685500,43.61867000,80.000000
-79.3684900,43.61870000,80.000000
-79.3684400,43.61871000,80.000000
-79.3683700,43.61874000,80.000000
-79.3683100,43.61876000,80.000000
-79.3682400,43.61879000,80.000000
-79.3681900,43.61881000,80.000000
-79.3681300,43.61883000,79.000000
-79.3680800,43.61886000,79.000000
-79.3680200,43.61889000,79.000000
-79.3679600,43.61891000,79.000000
-79.3679100,43.61894000,78.000000
-79.3678600,43.61897000,78.000000
-79.3678300,43.61900000,77.000000
-79.3676900,43.61904000,77.000000
-79.3676300,43.61906000,76.000000
-79.3675800,43.61909000,76.000000
-79.3675200,43.61911000,76.000000
-79.3674600,43.61913000,75.000000
-79.3674000,43.61915000,75.000000
-79.3673500,43.61918000,76.000000
-79.3672900,43.61920000,76.000000
-79.3672300,43.61922000,76.000000
-79.3671700,43.61924000,76.000000
-79.3671100,43.61926000,77.000000
-79.3670500,43.61928000,77.000000
-79.3669800,43.61930000,78.000000
-79.3669200,43.61933000,78.000000
-79.3668600,43.61935000,78.000000
-79.3668000,43.61937000,78.000000
-79.3667400,43.61939000,78.000000
-79.3666800,43.61942000,79.000000
-79.3666300,43.61944000,79.000000
-79.3665700,43.61946000,77.000000
-79.3665000,43.61948000,76.000000
-79.3664400,43.61950000,75.000000
-79.3663800,43.61952000,75.000000
-79.3663200,43.61954000,75.000000
-79.3662700,43.61957000,75.000000
-79.3662100,43.61959000,75.000000
-79.3661600,43.61962000,75.000000
-79.3661000,43.61965000,75.000000
-79.3660600,43.61968000,75.000000
-79.3660100,43.61971000,75.000000
-79.3659600,43.61975000,74.000000
-79.3659200,43.61978000,74.000000
-79.3658700,43.61982000,74.000000
-79.3658200,43.61985000,74.000000
-79.3657700,43.61988000,74.000000
-79.3657200,43.61992000,74.000000
-79.3656700,43.61995000,74.000000
-79.3656200,43.61998000,74.000000
-79.3655700,43.62001000,75.000000
-79.3655200,43.62004000,75.000000
-79.3654700,43.62008000,76.000000
-79.3654200,43.62012000,77.000000
-79.3653700,43.62015000,77.000000
-79.3653200,43.62018000,78.000000
-79.3652700,43.62022000,78.000000
-79.3652300,43.62026000,78.000000
-79.3651800,43.62029000,79.000000
-79.3651300,43.62033000,79.000000
-79.3650800,43.62037000,80.000000
-79.3650400,43.62040000,80.000000
-79.3650100,43.62042000,80.000000
-79.3649100,43.62049000,80.000000
-79.3648700,43.62052000,80.000000
-79.3648200,43.62056000,81.000000
-79.3647700,43.62059000,81.000000
-79.3647200,43.62062000,81.000000
-79.3646500,43.62066000,81.000000
-79.3646000,43.62069000,81.000000
-79.3645500,43.62072000,81.000000
-79.3645100,43.62075000,81.000000
-79.3644600,43.62080000,81.000000
-79.3644100,43.62083000,81.000000
-79.3643600,43.62087000,81.000000
-79.3643100,43.62091000,80.000000
-79.3642600,43.62095000,80.000000
-79.3642200,43.62098000,80.000000
-79.3641600,43.62103000,79.000000
-79.3641100,43.62107000,79.000000
-79.3640500,43.62110000,79.000000
-79.3640000,43.62113000,78.000000
-79.3639500,43.62116000,78.000000
-79.3639000,43.62120000,77.000000
-79.3638400,43.62124000,76.000000
-79.3637900,43.62127000,76.000000
-79.3637400,43.62131000,75.000000
-79.3636900,43.62135000,74.000000
-79.3636400,43.62138000,74.000000
-79.3635800,43.62141000,74.000000
-79.3635200,43.62145000,74.000000
-79.3634700,43.62149000,75.000000
-79.3634300,43.62152000,75.000000
-79.3633800,43.62155000,75.000000
-79.3633400,43.62159000,76.000000
-79.3633000,43.62162000,76.000000
-79.3632500,43.62166000,76.000000
-79.3632100,43.62169000,77.000000
-79.3631600,43.62173000,77.000000
-79.3631100,43.62177000,77.000000
-79.3630700,43.62180000,77.000000
-79.3630100,43.62183000,76.000000
-79.3629700,43.62187000,76.000000
-79.3629200,43.62190000,76.000000
-79.3628700,43.62193000,76.000000
-79.3628200,43.62196000,77.000000
-79.3627600,43.62200000,76.000000
-79.3627100,43.62203000,76.000000
-79.3626600,43.62206000,76.000000
-79.3626100,43.62210000,75.000000
-79.3625700,43.62213000,75.000000
-79.3623900,43.62226000,76.000000
-79.3623500,43.62230000,76.000000
-79.3623100,43.62233000,76.000000
-79.3622600,43.62237000,77.000000
-79.3622100,43.62240000,77.000000
-79.3621600,43.62243000,77.000000
-79.3621200,43.62247000,78.000000
-79.3620600,43.62250000,78.000000
-79.3620100,43.62253000,78.000000
-79.3619700,43.62256000,78.000000
-79.3619200,43.62260000,79.000000
-79.3618700,43.62263000,79.000000
-79.3618200,43.62266000,79.000000
-79.3617800,43.62269000,79.000000
-79.3617300,43.62273000,80.000000
-79.3616800,43.62276000,80.000000
-79.3616300,43.62279000,80.000000
-79.3615800,43.62283000,79.000000
-79.3615300,43.62286000,78.000000
-79.3614900,43.62290000,78.000000
-79.3614300,43.62294000,78.000000
-79.3613900,43.62298000,79.000000
-79.3613400,43.62301000,78.000000
-79.3612900,43.62305000,78.000000
-79.3612400,43.62309000,77.000000
-79.3611800,43.62313000,76.000000
-79.3611300,43.62316000,76.000000
-79.3610800,43.62319000,77.000000
-79.3610300,43.62323000,77.000000
-79.3609900,43.62327000,78.000000
-79.3609400,43.62330000,79.000000
-79.3609000,43.62334000,80.000000
-79.3608600,43.62337000,80.000000
-79.3608100,43.62341000,81.000000
-79.3607600,43.62344000,81.000000
-79.3607000,43.62347000,81.000000
-79.3606500,43.62351000,81.000000
-79.3606000,43.62354000,81.000000
-79.3605500,43.62357000,80.000000
-79.3605000,43.62361000,80.000000
-79.3604600,43.62364000,80.000000
-79.3604100,43.62368000,80.000000
-79.3603700,43.62371000,79.000000
-79.3603200,43.62374000,79.000000
-79.3602700,43.62378000,79.000000
-79.3602200,43.62381000,79.000000
-79.3601700,43.62385000,78.000000
-79.3601200,43.62388000,78.000000
-79.3600900,43.62391000,78.000000
-79.3599900,43.62398000,77.000000
-79.3599400,43.62402000,77.000000
-79.3598900,43.62406000,77.000000
-79.3598400,43.62409000,77.000000
-79.3598000,43.62412000,77.000000
-79.3597500,43.62415000,77.000000
-79.3597000,43.62419000,77.000000
-79.3596600,43.62422000,77.000000
-79.3596100,43.62425000,77.000000
-79.3595700,43.62429000,77.000000
-79.3595200,43.62432000,76.000000
-79.3594600,43.62436000,76.000000
-79.3594100,43.62439000,76.000000
-79.3593600,43.62443000,76.000000
-79.3593000,43.62446000,76.000000
-79.3592500,43.62449000,76.000000
-79.3592000,43.62453000,77.000000
-79.3591400,43.62457000,77.000000
-79.3590900,43.62460000,77.000000
-79.3590400,43.62464000,77.000000
-79.3590000,43.62467000,78.000000
-79.3589500,43.62471000,78.000000
-79.3589000,43.62474000,79.000000
-79.3588500,43.62478000,78.000000
-79.3588000,43.62481000,78.000000
-79.3587500,43.62485000,78.000000
-79.3586900,43.62489000,78.000000
-79.3586500,43.62492000,78.000000
-79.3586100,43.62496000,79.000000
-79.3585600,43.62499000,79.000000
-79.3585100,43.62503000,79.000000
-79.3584700,43.62506000,78.000000
-79.3584200,43.62509000,78.000000
-79.3583700,43.62512000,78.000000
-79.3583200,43.62516000,78.000000
-79.3582800,43.62519000,78.000000
-79.3582300,43.62522000,78.000000
-79.3581800,43.62526000,78.000000
-79.3581400,43.62529000,79.000000
-79.3580900,43.62533000,79.000000
-79.3580500,43.62536000,79.000000
-79.3579700,43.62542000,79.000000
-79.3579300,43.62545000,79.000000
-79.3578800,43.62548000,79.000000
-79.3578400,43.62552000,80.000000
-79.3577900,43.62556000,81.000000
-79.3577500,43.62559000,81.000000
-79.3577100,43.62562000,80.000000
-79.3576500,43.62567000,79.000000
-79.3575900,43.62572000,79.000000
-79.3575500,43.62576000,79.000000
-79.3575100,43.62579000,79.000000
-79.3574600,43.62583000,79.000000
-79.3574200,43.62587000,78.000000
-79.3573800,43.62590000,78.000000
-79.3573400,43.62594000,77.000000
-79.3572900,43.62598000,76.000000
-79.3572500,43.62602000,76.000000
-79.3572100,43.62606000,77.000000
-79.3571700,43.62609000,77.000000
-79.3571300,43.62613000,76.000000
-79.3570900,43.62617000,76.000000
-79.3570600,43.62621000,76.000000
-79.3570200,43.62625000,75.000000
-79.3569800,43.62629000,75.000000
-79.3569300,43.62633000,75.000000
-79.3569000,43.62637000,75.000000
-79.3568600,43.62641000,75.000000
-79.3568200,43.62645000,75.000000
-79.3567700,43.62649000,76.000000
-79.3567300,43.62653000,76.000000
-79.3566900,43.62657000,76.000000
-79.3566500,43.62660000,76.000000
-79.3566100,43.62665000,77.000000
-79.3565700,43.62669000,76.000000
-79.3565300,43.62673000,76.000000
-79.3564900,43.62677000,76.000000
-79.3564600,43.62680000,77.000000
-79.3564200,43.62684000,77.000000
-79.3563800,43.62688000,77.000000
-79.3563400,43.62693000,78.000000
-79.3563100,43.62697000,78.000000
-79.3562700,43.62701000,78.000000
-79.3562400,43.62705000,78.000000
-79.3562100,43.62710000,78.000000
-79.3561800,43.62714000,79.000000
-79.3561500,43.62718000,79.000000
-79.3561200,43.62723000,80.000000
-79.3560900,43.62727000,80.000000
-79.3560600,43.62732000,80.000000
-79.3560300,43.62735000,80.000000
-79.3560000,43.62739000,81.000000
-79.3559600,43.62743000,81.000000
-79.3559300,43.62747000,82.000000
-79.3559000,43.62752000,82.000000
-79.3558600,43.62756000,82.000000
-79.3558300,43.62760000,82.000000
-79.3558200,43.62762000,82.000000
-79.3557300,43.62774000,82.000000
-79.3557000,43.62779000,82.000000
-79.3556600,43.62783000,82.000000
-79.3556200,43.62787000,82.000000
-79.3555900,43.62791000,82.000000
-79.3555500,43.62796000,81.000000
-79.3555100,43.62800000,81.000000
-79.3554900,43.62805000,81.000000
-79.3554500,43.62810000,80.000000
-79.3554300,43.62814000,80.000000
-79.3554000,43.62818000,80.000000
-79.3553700,43.62823000,79.000000
-79.3553500,43.62828000,79.000000
-79.3553200,43.62832000,79.000000
-79.3553000,43.62836000,79.000000
-79.3552700,43.62841000,78.000000
-79.3552500,43.62845000,78.000000
-79.3552200,43.62850000,78.000000
-79.3551900,43.62854000,78.000000
-79.3551600,43.62858000,78.000000
-79.3551300,43.62863000,79.000000
-79.3551100,43.62867000,79.000000
-79.3550900,43.62872000,79.000000
-79.3550600,43.62876000,79.000000
-79.3550400,43.62881000,79.000000
-79.3550100,43.62885000,79.000000
-79.3549800,43.62889000,79.000000
-79.3549600,43.62894000,80.000000
-79.3549400,43.62899000,80.000000
-79.3549100,43.62904000,80.000000
-79.3548900,43.62909000,80.000000
-79.3548600,43.62914000,80.000000
-79.3548300,43.62919000,80.000000
-79.3548100,43.62923000,80.000000
-79.3547900,43.62928000,80.000000
-79.3547700,43.62932000,80.000000
-79.3547400,43.62937000,80.000000
-79.3547200,43.62941000,79.000000
-79.3547000,43.62946000,79.000000
-79.3546700,43.62950000,79.000000
-79.3546500,43.62955000,78.000000
-79.3546300,43.62960000,78.000000
-79.3546000,43.62964000,77.000000
-79.3545800,43.62968000,77.000000
-79.3545600,43.62973000,77.000000
-79.3545400,43.62978000,76.000000
-79.3545400,43.62981000,76.000000
-79.3545200,43.62987000,76.000000
-79.3545000,43.62992000,76.000000
-79.3544800,43.62996000,76.000000
-79.3544600,43.63002000,76.000000
-79.3544500,43.63006000,76.000000
-79.3544300,43.63011000,77.000000
-79.3544100,43.63015000,77.000000
-79.3543900,43.63021000,78.000000
-79.3543700,43.63025000,78.000000
-79.3543000,43.63026000,78.000000
-79.3542400,43.63025000,78.000000
-79.3541800,43.63023000,78.000000
-79.3541300,43.63021000,77.000000
-79.3540800,43.63018000,76.000000
-79.3540500,43.63014000,76.000000
-79.3540300,43.63010000,75.000000
-79.3539900,43.63006000,74.000000
-79.3539300,43.63004000,74.000000
-79.3538700,43.63003000,74.000000
-79.3538000,43.63002000,74.000000
-79.3537700,43.63006000,74.000000
-79.3538100,43.63010000,74.000000
-79.3538400,43.63014000,74.000000
-79.3538600,43.63020000,75.000000
-79.3538600,43.63024000,75.000000
-79.3538700,43.63029000,76.000000
-79.3538800,43.63034000,77.000000
-79.3539000,43.63038000,77.000000
-79.3539300,43.63042000,78.000000
-79.3539500,43.63047000,79.000000
-79.3539700,43.63052000,81.000000
-79.3539800,43.63057000,81.000000
-79.3539600,43.63061000,81.000000
-79.3539600,43.63066000,81.000000
-79.3539600,43.63071000,81.000000
-79.3539700,43.63073000,81.000000
-79.3538300,43.63072000,81.000000
-79.3537700,43.63072000,81.000000
-79.3537000,43.63071000,80.000000
-79.3536300,43.63071000,80.000000
-79.3535500,43.63071000,80.000000
-79.3534800,43.63072000,79.000000
-79.3534200,43.63072000,79.000000
-79.3533500,43.63072000,79.000000
-79.3532900,43.63072000,79.000000
-79.3532300,43.63072000,79.000000
-79.3531600,43.63073000,79.000000
-79.3530900,43.63072000,79.000000
-79.3530200,43.63073000,78.000000
-79.3529600,43.63074000,78.000000
-79.3529000,43.63074000,78.000000
-79.3528400,43.63075000,77.000000
-79.3527700,43.63075000,76.000000
-79.3527100,43.63076000,76.000000
-79.3526500,43.63077000,76.000000
-79.3525800,43.63078000,75.000000
-79.3525100,43.63079000,75.000000
-79.3524500,43.63080000,74.000000
-79.3523800,43.63081000,73.000000
-79.3523200,43.63082000,73.000000
-79.3522500,43.63083000,72.000000
-79.3521900,43.63085000,72.000000
-79.3521300,43.63086000,72.000000
-79.3520600,43.63086000,72.000000
-79.3519900,43.63087000,72.000000
-79.3519300,43.63087000,72.000000
-79.3518700,43.63088000,72.000000
-79.3518000,43.63089000,72.000000
-79.3517200,43.63089000,73.000000
-79.3516500,43.63089000,73.000000
-79.3515900,43.63089000,73.000000
-79.3515200,43.63089000,73.000000
-79.3514600,43.63090000,73.000000
-79.3513900,43.63090000,74.000000
-79.3513200,43.63090000,74.000000
-79.3512600,43.63090000,74.000000
-79.3511900,43.63091000,74.000000
-79.3511300,43.63092000,74.000000
-79.3510700,43.63092000,74.000000
-79.3510000,43.63093000,74.000000
-79.3509500,43.63095000,74.000000
-79.3508800,43.63096000,74.000000
-79.3508500,43.63095000,74.000000
-79.3507800,43.63093000,74.000000
-79.3507600,43.63089000,74.000000
-79.3507500,43.63084000,74.000000
-79.3507400,43.63079000,74.000000
-79.3507300,43.63075000,74.000000
-79.3506800,43.63072000,74.000000
-79.3506100,43.63074000,74.000000
-79.3505500,43.63074000,74.000000
-79.3504900,43.63075000,74.000000
-79.3504200,43.63075000,74.000000
-79.3503600,43.63075000,74.000000
-79.3503000,43.63075000,74.000000
-79.3502300,43.63074000,75.000000
-79.3501700,43.63074000,75.000000
-79.3501000,43.63073000,75.000000
-79.3500300,43.63073000,75.000000
-79.3499700,43.63073000,75.000000
-79.3499100,43.63074000,75.000000
-79.3498800,43.63078000,75.000000
-79.3498900,43.63083000,75.000000
-79.3498900,43.63088000,74.000000
-79.3498900,43.63093000,74.000000
-79.3499100,43.63097000,74.000000
-79.3499300,43.63102000,74.000000
-79.3499600,43.63107000,74.000000
-79.3499700,43.63111000,74.000000
-79.3499700,43.63116000,74.000000
-79.3499800,43.63121000,74.000000
-79.3500000,43.63125000,74.000000
-79.3500600,43.63128000,74.000000
-79.3501300,43.63127000,75.000000
-79.3501900,43.63125000,75.000000
-79.3502400,43.63122000,76.000000
-79.3503000,43.63120000,76.000000
-79.3503600,43.63117000,76.000000
-79.3504100,43.63115000,76.000000
-79.3504700,43.63112000,76.000000
-79.3505200,43.63110000,75.000000
-79.3505700,43.63107000,75.000000
-79.3506300,43.63105000,75.000000
-79.3506900,43.63103000,75.000000
-79.3507500,43.63101000,75.000000
-79.3508100,43.63099000,75.000000
-79.3508800,43.63096000,74.000000
-79.3509500,43.63095000,74.000000
-79.3510000,43.63093000,74.000000
-79.3510700,43.63092000,74.000000
-79.3511300,43.63092000,74.000000
-79.3511900,43.63091000,74.000000
-79.3512600,43.63090000,74.000000
-79.3513200,43.63090000,74.000000
-79.3513900,43.63090000,74.000000
-79.3514600,43.63090000,73.000000
-79.3515200,43.63089000,73.000000
-79.3515900,43.63089000,73.000000
-79.3516500,43.63089000,73.000000
-79.3517200,43.63089000,73.000000
-79.3518000,43.63089000,72.000000
-79.3518700,43.63088000,72.000000
-79.3519300,43.63087000,72.000000
-79.3519900,43.63087000,72.000000
-79.3520600,43.63086000,72.000000
-79.3521300,43.63086000,72.000000
-79.3521900,43.63085000,72.000000
-79.3522500,43.63083000,72.000000
-79.3523200,43.63082000,73.000000
-79.3523800,43.63081000,73.000000
-79.3524500,43.63080000,74.000000
-79.3525100,43.63079000,75.000000
-79.3525800,43.63078000,75.000000
-79.3526500,43.63077000,76.000000
-79.3527100,43.63076000,76.000000
-79.3527700,43.63075000,76.000000
-79.3528400,43.63075000,77.000000
-79.3529000,43.63074000,78.000000
-79.3529600,43.63074000,78.000000
-79.3530200,43.63073000,78.000000
-79.3530900,43.63072000,79.000000
-79.3531600,43.63073000,79.000000
-79.3532300,43.63072000,79.000000
-79.3532900,43.63072000,79.000000
-79.3533500,43.63072000,79.000000
-79.3534200,43.63072000,79.000000
-79.3534800,43.63072000,79.000000
-79.3535500,43.63071000,80.000000
-79.3536300,43.63071000,80.000000
-79.3537000,43.63071000,80.000000
-79.3537700,43.63072000,81.000000
-79.3538300,43.63072000,81.000000
-79.3539700,43.63073000,81.000000
-79.3539800,43.63075000,81.000000
-79.3540100,43.63079000,81.000000
-79.3540500,43.63083000,82.000000
-79.3541000,43.63086000,81.000000
-79.3541200,43.63090000,81.000000
-79.3541300,43.63095000,80.000000
-79.3541200,43.63099000,80.000000
-79.3541100,43.63104000,79.000000
-79.3541000,43.63109000,79.000000
-79.3540800,43.63114000,78.000000
-79.3540600,43.63118000,78.000000
-79.3540300,43.63123000,77.000000
-79.3540100,43.63128000,77.000000
-79.3539800,43.63132000,77.000000
-79.3539600,43.63137000,76.000000
-79.3539300,43.63141000,76.000000
-79.3539100,43.63146000,76.000000
-79.3538800,43.63150000,77.000000
-79.3538500,43.63155000,77.000000
-79.3538300,43.63160000,77.000000
-79.3538300,43.63161000,77.000000
-79.3537900,43.63166000,77.000000
-79.3537700,43.63171000,77.000000
-79.3537500,43.63175000,78.000000
-79.3537100,43.63181000,78.000000
-79.3536900,43.63186000,79.000000
-79.3536800,43.63190000,79.000000
-79.3536500,43.63195000,80.000000
-79.3536300,43.63199000,80.000000
-79.3536000,43.63204000,80.000000
-79.3535700,43.63208000,80.000000
-79.3535400,43.63213000,80.000000
-79.3535200,43.63217000,80.000000
-79.3534900,43.63221000,80.000000
-79.3534600,43.63226000,81.000000
-79.3534400,43.63230000,81.000000
-79.3534200,43.63234000,81.000000
-79.3533900,43.63239000,81.000000
-79.3533700,43.63243000,81.000000
-79.3533500,43.63248000,81.000000
-79.3533300,43.63252000,80.000000
-79.3533100,43.63256000,80.000000
-79.3532900,43.63261000,80.000000
-79.3532700,43.63265000,80.000000
-79.3532600,43.63270000,80.000000
-79.3532900,43.63274000,80.000000
-79.3533500,43.63277000,80.000000
-79.3534000,43.63279000,80.000000
-79.3534600,43.63281000,80.000000
-79.3535100,43.63284000,80.000000
-79.3535700,43.63286000,79.000000
-79.3536300,43.63289000,79.000000
-79.3536800,43.63291000,79.000000
-79.3537400,43.63293000,79.000000
-79.3538000,43.63295000,78.000000
-79.3538600,43.63298000,78.000000
-79.3539200,43.63300000,78.000000
-79.3539800,43.63303000,77.000000
-79.3540300,43.63306000,77.000000
-79.3540900,43.63309000,76.000000
-79.3541400,43.63312000,76.000000
-79.3542000,43.63315000,76.000000
-79.3542500,43.63317000,76.000000
-79.3543100,43.63319000,76.000000
-79.3543600,43.63322000,75.000000
-79.3544100,43.63324000,75.000000
-79.3544300,43.63325000,75.000000
-79.3544800,43.63328000,74.000000
-79.3545400,43.63330000,74.000000
-79.3546000,43.63332000,74.000000
-79.3546600,43.63331000,74.000000
-79.3547100,43.63329000,75.000000
-79.3547600,43.63326000,76.000000
-79.3548100,43.63323000,77.000000
-79.3548400,43.63319000,78.000000
-79.3548700,43.63315000,79.000000
-79.3549100,43.63311000,80.000000
-79.3549500,43.63307000,82.000000
-79.3549700,43.63303000,82.000000
-79.3550000,43.63298000,83.000000
-79.3550200,43.63294000,83.000000
-79.3550500,43.63290000,83.000000
-79.3550800,43.63286000,83.000000
-79.3551100,43.63282000,83.000000
-79.3551500,43.63278000,83.000000
-79.3551900,43.63274000,84.000000
-79.3552500,43.63273000,84.000000
-79.3553100,43.63275000,83.000000
-79.3553600,43.63278000,83.000000
-79.3554100,43.63281000,83.000000
-79.3554700,43.63283000,82.000000
-79.3555200,43.63285000,82.000000
-79.3555800,43.63287000,81.000000
-79.3556400,43.63289000,81.000000
-79.3557000,43.63290000,81.000000
-79.3557800,43.63291000,81.000000
-79.3558400,43.63292000,80.000000
-79.3559100,43.63295000,79.000000
-79.3559700,43.63296000,78.000000
-79.3560300,43.63299000,77.000000
-79.3560900,43.63300000,76.000000
-79.3561500,43.63302000,75.000000
-79.3562100,43.63304000,74.000000
-79.3562700,43.63306000,74.000000
-79.3563300,43.63307000,74.000000
-79.3563900,43.63309000,74.000000
-79.3564500,43.63311000,74.000000
-79.3565100,43.63313000,74.000000
-79.3565600,43.63310000,74.000000
-79.3565800,43.63305000,74.000000
-79.3566000,43.63301000,74.000000
-79.3566100,43.63296000,74.000000
-79.3566300,43.63292000,74.000000
-79.3566600,43.63287000,74.000000
-79.3566700,43.63283000,74.000000
-79.3566800,43.63278000,74.000000
-79.3566900,43.63274000,74.000000
-79.3566900,43.63269000,74.000000
-79.3566900,43.63264000,74.000000
-79.3567000,43.63259000,74.000000
-79.3567100,43.63255000,74.000000
-79.3567300,43.63251000,74.000000
-79.3567400,43.63246000,74.000000
-79.3567600,43.63241000,74.000000
-79.3567800,43.63237000,74.000000
-79.3567900,43.63232000,74.000000
-79.3567900,43.63227000,74.000000
-79.3567800,43.63223000,74.000000
-79.3567700,43.63218000,74.000000
-79.3567500,43.63213000,74.000000
-79.3567500,43.63209000,74.000000
-79.3567500,43.63204000,74.000000
-79.3567600,43.63199000,74.000000
-79.3567800,43.63195000,74.000000
-79.3567900,43.63190000,74.000000
-79.3568200,43.63186000,75.000000
-79.3568500,43.63182000,75.000000
-79.3568700,43.63178000,76.000000
-79.3568900,43.63173000,77.000000
-79.3569100,43.63168000,77.000000
-79.3569300,43.63164000,77.000000
-79.3569400,43.63159000,77.000000
-79.3569600,43.63155000,77.000000
-79.3569700,43.63150000,77.000000
-79.3569900,43.63146000,77.000000
-79.3570300,43.63142000,77.000000
-79.3570700,43.63139000,77.000000
-79.3571300,43.63136000,77.000000
-79.3571900,43.63134000,77.000000
-79.3572500,43.63132000,76.000000
-79.3573200,43.63132000,75.000000
-79.3573800,43.63132000,75.000000
-79.3574400,43.63133000,74.000000
-79.3575100,43.63135000,74.000000
-79.3575700,43.63138000,74.000000
-79.3576200,43.63141000,74.000000
-79.3576700,43.63145000,74.000000
-79.3577100,43.63148000,74.000000
-79.3577600,43.63151000,74.000000
-79.3578100,43.63154000,74.000000
-79.3578600,43.63157000,74.000000
-79.3578200,43.63153000,74.000000
-79.3577700,43.63151000,74.000000
-79.3577200,43.63148000,74.000000
-79.3576700,43.63145000,74.000000
-79.3576100,43.63142000,74.000000
-79.3575700,43.63140000,74.000000
-79.3575200,43.63137000,74.000000
-79.3574700,43.63134000,74.000000
-79.3574100,43.63131000,75.000000
-79.3573600,43.63128000,75.000000
-79.3573100,43.63125000,76.000000
-79.3572700,43.63122000,76.000000
-79.3572100,43.63119000,77.000000
-79.3571600,43.63116000,77.000000
-79.3571000,43.63114000,77.000000
-79.3570400,43.63112000,77.000000
-79.3570000,43.63109000,76.000000
-79.3569500,43.63105000,76.000000
-79.3569200,43.63100000,76.000000
-79.3569000,43.63095000,76.000000
-79.3568900,43.63091000,76.000000
-79.3568800,43.63086000,76.000000
-79.3568700,43.63081000,76.000000
-79.3568300,43.63068000,76.000000
-79.3568100,43.63064000,76.000000
-79.3567800,43.63059000,75.000000
-79.3567600,43.63054000,76.000000
-79.3567400,43.63050000,76.000000
-79.3567200,43.63046000,76.000000
-79.3566900,43.63041000,76.000000
-79.3566600,43.63037000,76.000000
-79.3566300,43.63033000,77.000000
-79.3565900,43.63029000,77.000000
-79.3565500,43.63026000,77.000000
-79.3565100,43.63022000,78.000000
-79.3564700,43.63018000,79.000000
-79.3564400,43.63014000,79.000000
-79.3564000,43.63010000,80.000000
-79.3563700,43.63006000,81.000000
-79.3563400,43.63002000,81.000000
-79.3563100,43.62997000,82.000000
-79.3562700,43.62993000,82.000000
-79.3562400,43.62989000,82.000000
-79.3562100,43.62984000,83.000000
-79.3561900,43.62980000,83.000000
-79.3561600,43.62975000,83.000000
-79.3561500,43.62970000,83.000000
-79.3561400,43.62966000,83.000000
-79.3561300,43.62961000,82.000000
-79.3561200,43.62956000,82.000000
-79.3561100,43.62951000,81.000000
-79.3561000,43.62947000,81.000000
-79.3561000,43.62942000,80.000000
-79.3561100,43.62937000,80.000000
-79.3561200,43.62933000,80.000000
-79.3561300,43.62928000,79.000000
-79.3561300,43.62923000,79.000000
-79.3561300,43.62919000,79.000000
-79.3561400,43.62914000,78.000000
-79.3561500,43.62909000,78.000000
-79.3561600,43.62905000,78.000000
-79.3562000,43.62900000,78.000000
-79.3562200,43.62895000,78.000000
-79.3562400,43.62891000,78.000000
-79.3562600,43.62886000,78.000000
-79.3562700,43.62881000,78.000000
-79.3562700,43.62877000,79.000000
-79.3562900,43.62872000,79.000000
-79.3563100,43.62868000,79.000000
-79.3563200,43.62865000,79.000000
-79.3563600,43.62859000,79.000000
-79.3563900,43.62854000,79.000000
-79.3564200,43.62849000,79.000000
-79.3564500,43.62845000,79.000000
-79.3564800,43.62841000,79.000000
-79.3565100,43.62836000,79.000000
-79.3565200,43.62832000,79.000000
-79.3565500,43.62827000,78.000000
-79.3565800,43.62823000,77.000000
-79.3566100,43.62818000,77.000000
-79.3566500,43.62815000,77.000000
-79.3566800,43.62810000,76.000000
-79.3567100,43.62806000,76.000000
-79.3567400,43.62802000,76.000000
-79.3567700,43.62798000,75.000000
-79.3568100,43.62793000,75.000000
-79.3568500,43.62787000,75.000000
-79.3568800,43.62783000,75.000000
-79.3569100,43.62779000,75.000000
-79.3569400,43.62775000,75.000000
-79.3569800,43.62771000,75.000000
-79.3570100,43.62767000,75.000000
-79.3570400,43.62763000,76.000000
-79.3570700,43.62758000,76.000000
-79.3571000,43.62754000,76.000000
-79.3571400,43.62750000,77.000000
-79.3571700,43.62746000,77.000000
-79.3572100,43.62741000,77.000000
-79.3572400,43.62736000,78.000000
-79.3572700,43.62732000,78.000000
-79.3573100,43.62728000,78.000000
-79.3573400,43.62724000,79.000000
-79.3573700,43.62720000,79.000000
-79.3574000,43.62715000,79.000000
-79.3574400,43.62711000,80.000000
-79.3574800,43.62707000,80.000000
-79.3575300,43.62703000,80.000000
-79.3575700,43.62699000,80.000000
-79.3576200,43.62695000,80.000000
-79.3576600,43.62691000,80.000000
-79.3577000,43.62687000,80.000000
-79.3577400,43.62683000,81.000000
-79.3577800,43.62680000,81.000000
-79.3578000,43.62678000,81.000000
-79.3578600,43.62672000,81.000000
-79.3579000,43.62668000,81.000000
-79.3579400,43.62664000,81.000000
-79.3579800,43.62660000,81.000000
-79.3580200,43.62656000,80.000000
-79.3580600,43.62653000,80.000000
-79.3581100,43.62650000,80.000000
-79.3581600,43.62647000,79.000000
-79.3582000,43.62643000,79.000000
-79.3582400,43.62639000,79.000000
-79.3582900,43.62635000,78.000000
-79.3583300,43.62631000,77.000000
-79.3583800,43.62628000,77.000000
-79.3584200,43.62624000,76.000000
-79.3584700,43.62620000,76.000000
-79.3585200,43.62617000,76.000000
-79.3585600,43.62614000,76.000000
-79.3585900,43.62610000,76.000000
-79.3586400,43.62606000,75.000000
-79.3586800,43.62603000,75.000000
-79.3587200,43.62599000,75.000000
-79.3587600,43.62596000,75.000000
-79.3588100,43.62592000,75.000000
-79.3588500,43.62589000,75.000000
-79.3589000,43.62585000,75.000000
-79.3589400,43.62582000,75.000000
-79.3589900,43.62578000,75.000000
-79.3590400,43.62575000,75.000000
-79.3590800,43.62571000,75.000000
-79.3591300,43.62568000,75.000000
-79.3591800,43.62563000,75.000000
-79.3592300,43.62560000,75.000000
-79.3592800,43.62557000,75.000000
-79.3593300,43.62553000,75.000000
-79.3593700,43.62549000,75.000000
-79.3594200,43.62546000,75.000000
-79.3594600,43.62543000,75.000000
-79.3595100,43.62539000,75.000000
-79.3595600,43.62536000,76.000000
-79.3596100,43.62533000,76.000000
-79.3596500,43.62530000,76.000000
-79.3597000,43.62526000,76.000000
-79.3597500,43.62523000,76.000000
-79.3597900,43.62520000,76.000000
-79.3598400,43.62516000,77.000000
-79.3598500,43.62515000,77.000000
-79.3599000,43.62512000,77.000000
-79.3599500,43.62510000,77.000000
-79.3600000,43.62507000,77.000000
-79.3600500,43.62503000,77.000000
-79.3601000,43.62500000,77.000000
-79.3601500,43.62497000,77.000000
-79.3602000,43.62493000,77.000000
-79.3602500,43.62490000,77.000000
-79.3603000,43.62487000,77.000000
-79.3603600,43.62484000,77.000000
-79.3604100,43.62480000,77.000000
-79.3604600,43.62477000,77.000000
-79.3605200,43.62475000,77.000000
-79.3605700,43.62472000,77.000000
-79.3606100,43.62469000,77.000000
-79.3606600,43.62465000,77.000000
-79.3607200,43.62462000,78.000000
-79.3607700,43.62458000,78.000000
-79.3608100,43.62455000,78.000000
-79.3608600,43.62451000,78.000000
-79.3609100,43.62448000,78.000000
-79.3609700,43.62445000,77.000000
-79.3610200,43.62441000,78.000000
-79.3610700,43.62439000,77.000000
-79.3611200,43.62436000,77.000000
-79.3611700,43.62433000,77.000000
-79.3612100,43.62429000,77.000000
-79.3612600,43.62426000,77.000000
-79.3613100,43.62423000,77.000000
-79.3613600,43.62419000,77.000000
-79.3614000,43.62417000,76.000000
-79.3614500,43.62414000,76.000000
-79.3615000,43.62410000,76.000000
-79.3615500,43.62407000,76.000000
-79.3615900,43.62403000,76.000000
-79.3616300,43.62399000,76.000000
-79.3616700,43.62395000,76.000000
-79.3617200,43.62392000,76.000000
-79.3617600,43.62388000,77.000000
-79.3618000,43.62385000,77.000000
-79.3618400,43.62381000,77.000000
-79.3618800,43.62377000,77.000000
-79.3619300,43.62374000,77.000000
-79.3619800,43.62371000,77.000000
-79.3620200,43.62367000,78.000000
-79.3620600,43.62364000,78.000000
-79.3621100,43.62360000,78.000000
-79.3621600,43.62357000,79.000000
-79.3621600,43.62356000,79.000000
-79.3622300,43.62353000,79.000000
-79.3622800,43.62350000,79.000000
-79.3623300,43.62347000,80.000000
-79.3623800,43.62344000,80.000000
-79.3624400,43.62341000,80.000000
-79.3624900,43.62338000,80.000000
-79.3625500,43.62335000,80.000000
-79.3626000,43.62332000,80.000000
-79.3626500,43.62329000,80.000000
-79.3626900,43.62325000,80.000000
-79.3627300,43.62321000,81.000000
-79.3627700,43.62317000,81.000000
-79.3628100,43.62313000,81.000000
-79.3628400,43.62310000,81.000000
-79.3628800,43.62306000,80.000000
-79.3629200,43.62302000,80.000000
-79.3629600,43.62298000,80.000000
-79.3630000,43.62294000,79.000000
-79.3630100,43.62293000,79.000000
-79.3630600,43.62296000,78.000000
-79.3631200,43.62299000,78.000000
-79.3631600,43.62302000,78.000000
-79.3632100,43.62305000,77.000000
-79.3632700,43.62307000,77.000000
-79.3633300,43.62306000,77.000000
-79.3634000,43.62305000,77.000000
-79.3634500,43.62307000,77.000000
-79.3634900,43.62311000,77.000000
-79.3635200,43.62315000,78.000000
-79.3635500,43.62319000,78.000000
-79.3635800,43.62323000,78.000000
-79.3636100,43.62327000,78.000000
-79.3636400,43.62331000,79.000000
-79.3636700,43.62336000,79.000000
-79.3636800,43.62340000,79.000000
-79.3637100,43.62345000,79.000000
-79.3637400,43.62350000,80.000000
-79.3637500,43.62354000,80.000000
-79.3637500,43.62359000,80.000000
-79.3637500,43.62364000,80.000000
-79.3637500,43.62368000,80.000000
-79.3637600,43.62373000,80.000000
-79.3637700,43.62377000,80.000000
-79.3637700,43.62382000,80.000000
-79.3637700,43.62387000,80.000000
-79.3637700,43.62392000,80.000000
-79.3637900,43.62397000,80.000000
-79.3638000,43.62401000,80.000000
-79.3638300,43.62407000,80.000000
-79.3638400,43.62411000,80.000000
-79.3638600,43.62416000,80.000000
-79.3638700,43.62420000,80.000000
-79.3638800,43.62425000,80.000000
-79.3639100,43.62429000,79.000000
-79.3639400,43.62433000,79.000000
-79.3639800,43.62437000,79.000000
-79.3640100,43.62441000,79.000000
-79.3640500,43.62445000,78.000000
-79.3640900,43.62449000,78.000000
-79.3641300,43.62453000,77.000000
-79.3641700,43.62456000,76.000000
-79.3642200,43.62459000,75.000000
-79.3642800,43.62461000,75.000000
-79.3643300,43.62464000,74.000000
-79.3643800,43.62467000,74.000000
-79.3644400,43.62470000,74.000000
-79.3644900,43.62474000,74.000000
-79.3645300,43.62477000,74.000000
-79.3644900,43.62474000,74.000000
-79.3644400,43.62470000,74.000000
-79.3643800,43.62467000,74.000000
-79.3643300,43.62464000,74.000000
-79.3642800,43.62461000,75.000000
-79.3642200,43.62459000,75.000000
-79.3641700,43.62456000,76.000000
-79.3641300,43.62453000,77.000000
-79.3640900,43.62449000,78.000000
-79.3640500,43.62445000,78.000000
-79.3640100,43.62441000,79.000000
-79.3639800,43.62437000,79.000000
-79.3639400,43.62433000,79.000000
-79.3639100,43.62429000,79.000000
-79.3638800,43.62425000,80.000000
-79.3638700,43.62420000,80.000000
-79.3638600,43.62416000,80.000000
-79.3638400,43.62411000,80.000000
-79.3638300,43.62407000,80.000000
-79.3638000,43.62401000,80.000000
-79.3637900,43.62397000,80.000000
-79.3637700,43.62392000,80.000000
-79.3637700,43.62387000,80.000000
-79.3637700,43.62382000,80.000000
-79.3637700,43.62377000,80.000000
-79.3637600,43.62373000,80.000000
-79.3637500,43.62368000,80.000000
-79.3637500,43.62364000,80.000000
-79.3637500,43.62359000,80.000000
-79.3637500,43.62354000,80.000000
-79.3637400,43.62350000,80.000000
-79.3637100,43.62345000,79.000000
-79.3636800,43.62340000,79.000000
-79.3636700,43.62336000,79.000000
-79.3636400,43.62331000,79.000000
-79.3636100,43.62327000,78.000000
-79.3635800,43.62323000,78.000000
-79.3635500,43.62319000,78.000000
-79.3635200,43.62315000,78.000000
-79.3634900,43.62311000,77.000000
-79.3634500,43.62307000,77.000000
-79.3634000,43.62305000,77.000000
-79.3633300,43.62306000,77.000000
-79.3632700,43.62307000,77.000000
-79.3632100,43.62305000,77.000000
-79.3631600,43.62302000,78.000000
-79.3631200,43.62299000,78.000000
-79.3630600,43.62296000,78.000000
-79.3630100,43.62293000,79.000000
-79.3630300,43.62290000,79.000000
-79.3630700,43.62286000,78.000000
-79.3631000,43.62282000,78.000000
-79.3631500,43.62278000,78.000000
-79.3631800,43.62274000,78.000000
-79.3632200,43.62270000,78.000000
-79.3632600,43.62267000,78.000000
-79.3633000,43.62263000,78.000000
-79.3633500,43.62260000,78.000000
-79.3634000,43.62256000,78.000000
-79.3634500,43.62253000,78.000000
-79.3634900,43.62250000,78.000000
-79.3635400,43.62246000,78.000000
-79.3635900,43.62243000,78.000000
-79.3636300,43.62239000,79.000000
-79.3636800,43.62236000,79.000000
-79.3637300,43.62233000,79.000000
-79.3637900,43.62231000,80.000000
-79.3638400,43.62227000,80.000000
-79.3638900,43.62224000,80.000000
-79.3639300,43.62221000,80.000000
-79.3639800,43.62217000,80.000000
-79.3640300,43.62215000,80.000000
-79.3640800,43.62211000,80.000000
-79.3641300,43.62208000,80.000000
-79.3641800,43.62204000,80.000000
-79.3642200,43.62201000,80.000000
-79.3642600,43.62198000,80.000000
-79.3643300,43.62197000,80.000000
-79.3644000,43.62197000,80.000000
-79.3644600,43.62197000,79.000000
-79.3645300,43.62197000,79.000000
-79.3645900,43.62196000,79.000000
-79.3646500,43.62195000,78.000000
-79.3647100,43.62193000,78.000000
-79.3647800,43.62191000,78.000000
-79.3648400,43.62189000,78.000000
-79.3649000,43.62187000,78.000000
-79.3649600,43.62185000,78.000000
-79.3650100,43.62183000,78.000000
-79.3650600,43.62180000,78.000000
-79.3651200,43.62177000,78.000000
-79.3651800,43.62173000,78.000000
-79.3652300,43.62171000,78.000000
-79.3652800,43.62167000,78.000000
-79.3653300,43.62164000,78.000000
-79.3653900,43.62161000,78.000000
-79.3654400,43.62158000,78.000000
-79.3654900,43.62155000,78.000000
-79.3655500,43.62152000,78.000000
-79.3656000,43.62149000,78.000000
-79.3656600,43.62147000,78.000000
-79.3657200,43.62144000,78.000000
-79.3657700,43.62142000,78.000000
-79.3658400,43.62141000,78.000000
-79.3659100,43.62140000,79.000000
-79.3659700,43.62140000,79.000000
-79.3660500,43.62138000,79.000000
-79.3661200,43.62138000,80.000000
-79.3661800,43.62137000,80.000000
-79.3662500,43.62136000,80.000000
-79.3663200,43.62135000,80.000000
-79.3663800,43.62134000,80.000000
-79.3664400,43.62133000,79.000000
-79.3665100,43.62133000,79.000000
-79.3665700,43.62133000,78.000000
-79.3666400,43.62133000,78.000000
-79.3667000,43.62133000,77.000000
-79.3667700,43.62133000,77.000000
-79.3668400,43.62133000,77.000000
-79.3669100,43.62132000,77.000000
-79.3669700,43.62132000,76.000000
-79.3670400,43.62132000,76.000000
-79.3671000,43.62132000,76.000000
-79.3671700,43.62131000,76.000000
-79.3672200,43.62130000,76.000000
-79.3672800,43.62128000,76.000000
-79.3674200,43.62123000,76.000000
-79.3674800,43.62121000,76.000000
-79.3675300,43.62119000,76.000000
-79.3675900,43.62116000,76.000000
-79.3676400,43.62113000,76.000000
-79.3676900,43.62111000,76.000000
-79.3677500,43.62108000,76.000000
-79.3678000,43.62105000,77.000000
-79.3678600,43.62103000,77.000000
-79.3679200,43.62100000,77.000000
-79.3679800,43.62098000,77.000000
-79.3680400,43.62096000,77.000000
-79.3680900,43.62094000,77.000000
-79.3681500,43.62092000,78.000000
-79.3682100,43.62090000,79.000000
-79.3682700,43.62089000,79.000000
-79.3683400,43.62088000,80.000000
-79.3684000,43.62087000,80.000000
-79.3684600,43.62085000,81.000000
-79.3685200,43.62084000,81.000000
-79.3685900,43.62083000,81.000000
-79.3686500,43.62082000,81.000000
-79.3687100,43.62081000,81.000000
-79.3687800,43.62080000,81.000000
-79.3688400,43.62079000,81.000000
-79.3689000,43.62078000,81.000000
-79.3689600,43.62075000,80.000000
-79.3690100,43.62073000,80.000000
-79.3690600,43.62069000,81.000000
-79.3691100,43.62066000,81.000000
-79.3691500,43.62063000,82.000000
-79.3692000,43.62060000,82.000000
-79.3692500,43.62057000,81.000000
-79.3693000,43.62054000,79.000000
-79.3693500,43.62052000,77.000000
-79.3694100,43.62049000,75.000000
-79.3694600,43.62046000,74.000000
-79.3695100,43.62043000,74.000000
-79.3695600,43.62040000,74.000000
-79.3695800,43.62036000,74.000000
-79.3696200,43.62032000,74.000000
-79.3696500,43.62028000,74.000000
-79.3697000,43.62024000,74.000000
-79.3697400,43.62021000,74.000000
-79.3697900,43.62018000,74.000000
-79.3698100,43.62014000,74.000000
-79.3698300,43.62011000,74.000000
-79.3698300,43.62005000,74.000000
-79.3698400,43.62000000,74.000000
-79.3698400,43.61996000,74.000000
-79.3698500,43.61991000,74.000000
-79.3698500,43.61987000,75.000000
-79.3698400,43.61982000,75.000000
-79.3698200,43.61978000,76.000000
-79.3698100,43.61973000,77.000000
-79.3698000,43.61969000,77.000000
-79.3697900,43.61964000,78.000000
-79.3697700,43.61959000,78.000000
-79.3697600,43.61955000,78.000000
-79.3697500,43.61950000,78.000000
-79.3697500,43.61945000,78.000000
-79.3697700,43.61940000,78.000000
-79.3697900,43.61936000,78.000000
-79.3698200,43.61932000,78.000000
-79.3698300,43.61927000,78.000000
-79.3698600,43.61923000,78.000000
-79.3699000,43.61919000,78.000000
-79.3699400,43.61915000,78.000000
-79.3699900,43.61912000,78.000000
-79.3700500,43.61910000,78.000000
-79.3701000,43.61908000,78.000000
-79.3701600,43.61906000,78.000000
-79.3702200,43.61903000,79.000000
-79.3702800,43.61902000,79.000000
-79.3703400,43.61900000,79.000000
-79.3703900,43.61898000,79.000000
-79.3704500,43.61896000,78.000000
-79.3705100,43.61895000,78.000000
-79.3705700,43.61893000,79.000000
-79.3706400,43.61892000,78.000000
-79.3707000,43.61890000,78.000000
-79.3707600,43.61889000,78.000000
-79.3708200,43.61887000,78.000000
-79.3708800,43.61885000,78.000000
-79.3709400,43.61882000,78.000000
-79.3709900,43.61880000,78.000000
-79.3710400,43.61877000,78.000000
-79.3711000,43.61874000,78.000000
-79.3711500,43.61871000,78.000000
-79.3712000,43.61868000,78.000000
-79.3712500,43.61865000,78.000000
-79.3713000,43.61862000,78.000000
-79.3713500,43.61859000,78.000000
-79.3714100,43.61856000,78.000000
-79.3714700,43.61854000,78.000000
-79.3715200,43.61851000,78.000000
-79.3715700,43.61848000,78.000000
-79.3716300,43.61846000,79.000000
-79.3716900,43.61845000,79.000000
-79.3717500,43.61843000,79.000000
-79.3718200,43.61843000,79.000000
-79.3718600,43.61844000,79.000000
-79.3718700,43.61840000,80.000000
-79.3719100,43.61836000,80.000000
-79.3719500,43.61832000,81.000000
-79.3719900,43.61829000,81.000000
-79.3720300,43.61826000,81.000000
-79.3720800,43.61822000,82.000000
-79.3721200,43.61818000,82.000000
-79.3721600,43.61815000,82.000000
-79.3722000,43.61811000,82.000000
-79.3722500,43.61808000,82.000000
-79.3722900,43.61804000,82.000000
-79.3723400,43.61801000,82.000000
-79.3723900,43.61798000,81.000000
-79.3724400,43.61795000,81.000000
-79.3724900,43.61792000,81.000000
-79.3725400,43.61789000,80.000000
-79.3725900,43.61786000,80.000000
-79.3726300,43.61783000,80.000000
-79.3726800,43.61780000,79.000000
-79.3727300,43.61776000,79.000000
-79.3727500,43.61775000,79.000000
-79.3728000,43.61773000,78.000000
-79.3728600,43.61771000,78.000000
-79.3729200,43.61769000,78.000000
-79.3729700,43.61766000,78.000000
-79.3729600,43.61761000,78.000000
-79.3729300,43.61757000,78.000000
-79.3729100,43.61753000,78.000000
-79.3728700,43.61749000,78.000000
-79.3728300,43.61746000,78.000000
-79.3728000,43.61742000,78.000000
-79.3727600,43.61738000,79.000000
-79.3727200,43.61734000,79.000000
-79.3726800,43.61731000,79.000000
-79.3726500,43.61726000,79.000000
-79.3726100,43.61722000,78.000000
-79.3725900,43.61718000,78.000000
-79.3725500,43.61714000,78.000000
-79.3725100,43.61710000,78.000000
-79.3724800,43.61706000,78.000000
-79.3724600,43.61702000,78.000000
-79.3724600,43.61697000,78.000000
-79.3725000,43.61694000,78.000000
-79.3725600,43.61691000,78.000000
-79.3726200,43.61689000,78.000000
-79.3726800,43.61687000,77.000000
-79.3727400,43.61685000,77.000000
-79.3727900,43.61683000,76.000000
-79.3728600,43.61681000,76.000000
-79.3729300,43.61680000,76.000000
-79.3729900,43.61678000,76.000000
-79.3730500,43.61677000,76.000000
-79.3731300,43.61676000,76.000000
-79.3731900,43.61675000,76.000000
-79.3732500,43.61673000,76.000000
-79.3733100,43.61672000,76.000000
-79.3733800,43.61670000,77.000000
-79.3734400,43.61667000,77.000000
-79.3734900,43.61665000,78.000000
-79.3735500,43.61662000,78.000000
-79.3736000,43.61659000,78.000000
-79.3736500,43.61655000,79.000000
-79.3737000,43.61652000,79.000000
-79.3737500,43.61649000,79.000000
-79.3737900,43.61646000,79.000000
-79.3738400,43.61642000,79.000000
-79.3738800,43.61638000,78.000000
-79.3739300,43.61635000,78.000000
-79.3739800,43.61632000,78.000000
-79.3740300,43.61629000,78.000000
-79.3740800,43.61626000,78.000000
-79.3741300,43.61623000,78.000000
-79.3742000,43.61619000,78.000000
-79.3742500,43.61616000,78.000000
-79.3743100,43.61612000,78.000000
-79.3743600,43.61609000,78.000000
-79.3744100,43.61607000,78.000000
-79.3744700,43.61603000,78.000000
-79.3745100,43.61601000,78.000000
-79.3746300,43.61593000,79.000000
-79.3746800,43.61590000,79.000000
-79.3747300,43.61587000,80.000000
-79.3747800,43.61585000,80.000000
-79.3748400,43.61582000,80.000000
-79.3749100,43.61579000,80.000000
-79.3749600,43.61576000,80.000000
-79.3750100,43.61573000,80.000000
-79.3750600,43.61570000,80.000000
-79.3751100,43.61567000,80.000000
-79.3751500,43.61564000,79.000000
-79.3751600,43.61564000,80.000000
-79.3752300,43.61560000,80.000000
-79.3752500,43.61558000,80.000000
-79.3753200,43.61555000,79.000000
-79.3753700,43.61551000,79.000000
-79.3754300,43.61548000,78.000000
-79.3754800,43.61545000,78.000000
-79.3755300,43.61542000,78.000000
-79.3755800,43.61539000,78.000000
-79.3756300,43.61536000,78.000000
-79.3756900,43.61533000,78.000000
-79.3757400,43.61531000,78.000000
-79.3758000,43.61528000,78.000000
-79.3758700,43.61525000,78.000000
-79.3759200,43.61522000,78.000000
-79.3759700,43.61519000,78.000000
-79.3760300,43.61515000,78.000000
-79.3761000,43.61512000,78.000000
-79.3761500,43.61509000,78.000000
-79.3762000,43.61506000,78.000000
-79.3762500,43.61504000,78.000000
-79.3763000,43.61500000,78.000000
-79.3763600,43.61498000,77.000000
-79.3764100,43.61495000,77.000000
-79.3764800,43.61491000,77.000000
-79.3765300,43.61488000,77.000000
-79.3765900,43.61486000,76.000000
-79.3766500,43.61483000,76.000000
-79.3767100,43.61481000,76.000000
-79.3768700,43.61474000,76.000000
-79.3768800,43.61474000,76.000000
-79.3769300,43.61471000,75.000000
-79.3769900,43.61469000,75.000000
-79.3770400,43.61466000,75.000000
-79.3771000,43.61464000,75.000000
-79.3771500,43.61461000,75.000000
-79.3772100,43.61458000,75.000000
-79.3772600,43.61456000,75.000000
-79.3773200,43.61453000,75.000000
-79.3773700,43.61451000,75.000000
-79.3774300,43.61449000,75.000000
-79.3774900,43.61447000,75.000000
-79.3775500,43.61444000,74.000000
-79.3776100,43.61442000,74.000000
-79.3776700,43.61440000,74.000000
-79.3777300,43.61438000,74.000000
-79.3777900,43.61435000,74.000000
-79.3778600,43.61432000,74.000000
-79.3779200,43.61429000,74.000000
-79.3779800,43.61427000,75.000000
-79.3780400,43.61425000,75.000000
-79.3780900,43.61422000,75.000000
-79.3781600,43.61419000,76.000000
-79.3782300,43.61416000,76.000000
-79.3782900,43.61413000,77.000000
-79.3783500,43.61411000,78.000000
-79.3784100,43.61410000,78.000000
-79.3784700,43.61408000,79.000000
-79.3785300,43.61406000,80.000000
-79.3785900,43.61404000,80.000000
-79.3786500,43.61403000,81.000000
-79.3787100,43.61402000,81.000000
-79.3787800,43.61402000,81.000000
-79.3788400,43.61402000,81.000000
-79.3789200,43.61402000,81.000000
-79.3789800,43.61402000,81.000000
-79.3790500,43.61401000,81.000000
-79.3791100,43.61401000,81.000000
-79.3791700,43.61401000,80.000000
-79.3792500,43.61401000,80.000000
-79.3793500,43.61400000,80.000000
-79.3793700,43.61400000,80.000000
-79.3794400,43.61400000,80.000000
-79.3795300,43.61399000,80.000000
-79.3796000,43.61396000,79.000000
-79.3796400,43.61395000,79.000000
-79.3797000,43.61393000,79.000000
-79.3797600,43.61391000,78.000000
-79.3798200,43.61390000,78.000000
-79.3798800,43.61388000,78.000000
-79.3799400,43.61386000,78.000000
-79.3800000,43.61384000,78.000000
-79.3800600,43.61383000,78.000000
-79.3801100,43.61379000,78.000000
-79.3801700,43.61376000,78.000000
-79.3802200,43.61373000,78.000000
-79.3802800,43.61371000,78.000000
-79.3803400,43.61369000,78.000000
-79.3803900,43.61366000,78.000000
-79.3804500,43.61364000,78.000000
-79.3805100,43.61362000,78.000000
-79.3805600,43.61359000,77.000000
-79.3806200,43.61357000,77.000000
-79.3806800,43.61355000,77.000000
-79.3807400,43.61353000,77.000000
-79.3808100,43.61352000,76.000000
-79.3808700,43.61350000,76.000000
-79.3809300,43.61348000,76.000000
-79.3810000,43.61346000,76.000000
-79.3810600,43.61344000,76.000000
-79.3811200,43.61342000,76.000000
-79.3811800,43.61340000,76.000000
-79.3812500,43.61337000,77.000000
-79.3813100,43.61336000,77.000000
-79.3813700,43.61334000,77.000000
-79.3814300,43.61332000,78.000000
-79.3814900,43.61330000,78.000000
-79.3815400,43.61328000,78.000000
-79.3816000,43.61326000,78.000000
-79.3816600,43.61325000,78.000000
-79.3817200,43.61323000,78.000000
-79.3817900,43.61322000,79.000000
-79.3818500,43.61321000,79.000000
-79.3819200,43.61319000,79.000000
-79.3819800,43.61318000,79.000000
-79.3820400,43.61317000,79.000000
-79.3821000,43.61316000,79.000000
-79.3821700,43.61316000,79.000000
-79.3822600,43.61316000,79.000000
-79.3823100,43.61315000,79.000000
-79.3823700,43.61316000,79.000000
-79.3824400,43.61316000,79.000000
-79.3825100,43.61316000,79.000000
-79.3825700,43.61316000,79.000000
-79.3826300,43.61317000,79.000000
-79.3827000,43.61317000,79.000000
-79.3827700,43.61318000,79.000000
-79.3828600,43.61319000,79.000000
-79.3829200,43.61320000,79.000000
-79.3829800,43.61320000,79.000000
-79.3830400,43.61321000,79.000000
-79.3831100,43.61322000,79.000000
-79.3831800,43.61322000,79.000000
-79.3832400,43.61322000,79.000000
-79.3833100,43.61323000,78.000000
-79.3833800,43.61323000,78.000000
-79.3834500,43.61323000,78.000000
-79.3835200,43.61323000,78.000000
-79.3835800,43.61324000,78.000000
-79.3836500,43.61324000,77.000000
-79.3837100,43.61324000,77.000000
-79.3837800,43.61324000,77.000000
-79.3838500,43.61323000,77.000000
-79.3839200,43.61323000,77.000000
-79.3839800,43.61322000,77.000000
-79.3840500,43.61322000,77.000000
-79.3841200,43.61322000,78.000000
-79.3841800,43.61322000,78.000000
-79.3842400,43.61322000,78.000000
-79.3843100,43.61321000,78.000000
-79.3843900,43.61321000,78.000000
-79.3844500,43.61322000,79.000000
-79.3845500,43.61322000,79.000000
-79.3846200,43.61322000,79.000000
-79.3846800,43.61322000,79.000000
-79.3847200,43.61321000,79.000000
-79.3847400,43.61325000,79.000000
-79.3847700,43.61329000,79.000000
-79.3848000,43.61334000,80.000000
-79.3848400,43.61337000,80.000000
-79.3848700,43.61341000,80.000000
-79.3849100,43.61345000,80.000000
-79.3849600,43.61348000,80.000000
-79.3850000,43.61351000,80.000000
-79.3850500,43.61355000,80.000000
-79.3851000,43.61358000,80.000000
-79.3851500,43.61361000,80.000000
-79.3852000,43.61363000,80.000000
-79.3852500,43.61367000,80.000000
-79.3852900,43.61370000,80.000000
-79.3853600,43.61371000,81.000000
-79.3853800,43.61370000,81.000000
-79.3853600,43.61371000,81.000000
-79.3852900,43.61370000,80.000000
-79.3852500,43.61367000,80.000000
-79.3852000,43.61363000,80.000000
-79.3851500,43.61361000,80.000000
-79.3851000,43.61358000,80.000000
-79.3850500,43.61355000,80.000000
-79.3850000,43.61351000,80.000000
-79.3849600,43.61348000,80.000000
-79.3849100,43.61345000,80.000000
-79.3848700,43.61341000,80.000000
-79.3848400,43.61337000,80.000000
-79.3848000,43.61334000,80.000000
-79.3847700,43.61329000,79.000000
-79.3847400,43.61325000,79.000000
-79.3847200,43.61321000,79.000000
-79.3847400,43.61321000,79.000000
-79.3848100,43.61320000,79.000000
-79.3848800,43.61320000,79.000000
-79.3849400,43.61319000,79.000000
-79.3850000,43.61318000,80.000000
-79.3850600,43.61317000,80.000000
-79.3851200,43.61316000,80.000000
-79.3851900,43.61315000,80.000000
-79.3852500,43.61313000,80.000000
-79.3853100,43.61311000,81.000000
-79.3853800,43.61310000,81.000000
-79.3854400,43.61310000,81.000000
-79.3855000,43.61308000,81.000000
-79.3855700,43.61307000,81.000000
-79.3856300,43.61306000,81.000000
-79.3857000,43.61307000,81.000000
-79.3857600,43.61308000,81.000000
-79.3858200,43.61307000,81.000000
-79.3858900,43.61306000,80.000000
-79.3859500,43.61306000,80.000000
-79.3860200,43.61306000,80.000000
-79.3860900,43.61308000,80.000000
-79.3861500,43.61309000,80.000000
-79.3862200,43.61310000,80.000000
-79.3862800,43.61311000,80.000000
-79.3863400,43.61313000,81.000000
-79.3864100,43.61314000,81.000000
-79.3864800,43.61315000,81.000000
-79.3865500,43.61316000,81.000000
-79.3866200,43.61317000,81.000000
-79.3866900,43.61318000,81.000000
-79.3867500,43.61320000,81.000000
-79.3868200,43.61321000,81.000000
-79.3868900,43.61322000,81.000000
-79.3869500,43.61323000,81.000000
-79.3870200,43.61324000,81.000000
-79.3870800,43.61325000,80.000000
-79.3871400,43.61326000,80.000000
-79.3872100,43.61326000,80.000000
-79.3872700,43.61327000,80.000000
-79.3872800,43.61327000,80.000000
-79.3873400,43.61327000,80.000000
-79.3874000,43.61327000,80.000000
-79.3874700,43.61327000,80.000000
-79.3875300,43.61328000,80.000000
-79.3876000,43.61329000,79.000000
-79.3876800,43.61330000,79.000000
-79.3877500,43.61331000,79.000000
-79.3878100,43.61332000,78.000000
-79.3878700,43.61332000,78.000000
-79.3879400,43.61333000,78.000000
-79.3880100,43.61334000,78.000000
-79.3880700,43.61335000,77.000000
-79.3881700,43.61338000,78.000000
-79.3882200,43.61340000,78.000000
-79.3882800,43.61342000,78.000000
-79.3883400,43.61343000,78.000000
-79.3883900,43.61346000,78.000000
-79.3884500,43.61349000,78.000000
-79.3885100,43.61353000,78.000000
-79.3885700,43.61355000,78.000000
-79.3886200,43.61358000,79.000000
-79.3886800,43.61360000,79.000000
-79.3887400,43.61363000,79.000000
-79.3887900,43.61366000,79.000000
-79.3888300,43.61370000,79.000000
-79.3888800,43.61373000,79.000000
-79.3889400,43.61376000,79.000000
-79.3889900,43.61380000,79.000000
-79.3890500,43.61384000,79.000000
-79.3891000,43.61387000,79.000000
-79.3891500,43.61390000,78.000000
-79.3891900,43.61393000,78.000000
-79.3892400,43.61397000,78.000000
-79.3892900,43.61401000,78.000000
-79.3893400,43.61404000,78.000000
-79.3893800,43.61408000,78.000000
-79.3894200,43.61412000,78.000000
-79.3894600,43.61416000,78.000000
-79.3895000,43.61420000,78.000000
-79.3895400,43.61424000,78.000000
-79.3895800,43.61429000,78.000000
-79.3896100,43.61432000,78.000000
-79.3896400,43.61437000,79.000000
-79.3896700,43.61441000,79.000000
-79.3896900,43.61445000,79.000000
-79.3897200,43.61450000,80.000000
-79.3897300,43.61454000,80.000000
-79.3897400,43.61459000,80.000000
-79.3897500,43.61464000,80.000000
-79.3897600,43.61469000,81.000000
-79.3897600,43.61474000,81.000000
-79.3897600,43.61479000,81.000000
-79.3897700,43.61484000,81.000000
-79.3897700,43.61489000,81.000000
-79.3897700,43.61493000,81.000000
-79.3897600,43.61498000,81.000000
-79.3897700,43.61503000,82.000000
-79.3897600,43.61510000,82.000000
-79.3897700,43.61510000,82.000000
-79.3897900,43.61511000,82.000000
-79.3898300,43.61515000,82.000000
-79.3898600,43.61519000,82.000000
-79.3899000,43.61524000,82.000000
-79.3899300,43.61528000,83.000000
-79.3899600,43.61532000,83.000000
-79.3900000,43.61536000,83.000000
-79.3900400,43.61540000,83.000000
-79.3900800,43.61543000,83.000000
-79.3901200,43.61547000,83.000000
-79.3901600,43.61550000,83.000000
-79.3902000,43.61554000,83.000000
-79.3902400,43.61558000,83.000000
-79.3902800,43.61562000,83.000000
-79.3903200,43.61565000,83.000000
-79.3903600,43.61569000,82.000000
-79.3904000,43.61573000,82.000000
-79.3904400,43.61577000,82.000000
-79.3904700,43.61581000,82.000000
-79.3905100,43.61587000,82.000000
-79.3905400,43.61591000,82.000000
-79.3905700,43.61595000,82.000000
-79.3905900,43.61600000,82.000000
-79.3906200,43.61605000,83.000000
-79.3906300,43.61610000,83.000000
-79.3906500,43.61614000,83.000000
-79.3906700,43.61619000,83.000000
-79.3906900,43.61623000,84.000000
-79.3907100,43.61627000,84.000000
-79.3907300,43.61632000,84.000000
-79.3907500,43.61636000,85.000000
-79.3907600,43.61640000,85.000000
-79.3907700,43.61645000,85.000000
-79.3907900,43.61650000,85.000000
-79.3908000,43.61654000,85.000000
-79.3908100,43.61659000,85.000000
-79.3908300,43.61663000,85.000000
-79.3908600,43.61668000,84.000000
-79.3908900,43.61672000,84.000000
-79.3909300,43.61676000,84.000000
-79.3909500,43.61680000,83.000000
-79.3909700,43.61684000,83.000000
-79.3910100,43.61689000,83.000000
-79.3910300,43.61693000,83.000000
-79.3910600,43.61697000,82.000000
-79.3910800,43.61701000,82.000000
-79.3911100,43.61705000,82.000000
-79.3911600,43.61712000,80.000000
-79.3911900,43.61716000,79.000000
-79.3912200,43.61720000,78.000000
-79.3912400,43.61725000,77.000000
-79.3912600,43.61730000,77.000000
-79.3912700,43.61735000,76.000000
-79.3912900,43.61739000,76.000000
-79.3913000,43.61744000,75.000000
-79.3913100,43.61748000,75.000000
-79.3913200,43.61753000,75.000000
-79.3913400,43.61758000,75.000000
-79.3913700,43.61763000,76.000000
-79.3913900,43.61768000,76.000000
-79.3914100,43.61773000,77.000000
-79.3914200,43.61777000,77.000000
-79.3914400,43.61782000,77.000000
-79.3914500,43.61786000,78.000000
-79.3914600,43.61791000,78.000000
-79.3914700,43.61795000,79.000000
-79.3914900,43.61800000,79.000000
-79.3915200,43.61805000,80.000000
-79.3915300,43.61810000,80.000000
-79.3915400,43.61814000,80.000000
-79.3915400,43.61819000,80.000000
-79.3915400,43.61824000,81.000000
-79.3915400,43.61829000,81.000000
-79.3915400,43.61834000,81.000000
-79.3915400,43.61839000,81.000000
-79.3915500,43.61844000,81.000000
-79.3915600,43.61849000,81.000000
-79.3915800,43.61854000,81.000000
-79.3915900,43.61860000,81.000000
-79.3916000,43.61865000,80.000000
-79.3916000,43.61869000,80.000000
-79.3916200,43.61874000,80.000000
-79.3916300,43.61879000,80.000000
-79.3916500,43.61883000,80.000000
-79.3916600,43.61888000,80.000000
-79.3916900,43.61892000,79.000000
-79.3917100,43.61897000,79.000000
-79.3917500,43.61901000,79.000000
-79.3917800,43.61905000,79.000000
-79.3918100,43.61909000,79.000000
-79.3918600,43.61914000,79.000000
-79.3919000,43.61918000,79.000000
-79.3919300,43.61922000,79.000000
-79.3919400,43.61922000,79.000000
-79.3919700,43.61925000,79.000000
-79.3919900,43.61929000,79.000000
-79.3920100,43.61933000,79.000000
-79.3920400,43.61938000,79.000000
-79.3920500,43.61942000,79.000000
-79.3920700,43.61947000,79.000000
-79.3920800,43.61951000,79.000000
-79.3920900,43.61956000,79.000000
-79.3921000,43.61961000,79.000000
-79.3921100,43.61965000,79.000000
-79.3921100,43.61970000,79.000000
-79.3921200,43.61975000,79.000000
-79.3921100,43.61980000,79.000000
-79.3921100,43.61984000,79.000000
-79.3920900,43.61989000,78.000000
-79.3920900,43.61994000,78.000000
-79.3920900,43.61999000,78.000000
-79.3920800,43.62003000,78.000000
-79.3920700,43.62008000,78.000000
-79.3920600,43.62012000,78.000000
-79.3920400,43.62016000,78.000000
-79.3920400,43.62017000,78.000000
-79.3920500,43.62015000,78.000000
-79.3920200,43.62024000,78.000000
-79.3919800,43.62036000,78.000000
-79.3919100,43.62058000,78.000000
-79.3919400,43.62059000,77.000000
-79.3919200,43.62062000,77.000000
-79.3919000,43.62067000,77.000000
-79.3918700,43.62071000,77.000000
-79.3918500,43.62075000,77.000000
-79.3918300,43.62080000,77.000000
-79.3918200,43.62085000,77.000000
-79.3917900,43.62089000,77.000000
-79.3917600,43.62094000,77.000000
-79.3917300,43.62098000,77.000000
-79.3916800,43.62101000,77.000000
-79.3916400,43.62104000,77.000000
-79.3915900,43.62108000,77.000000
-79.3915500,43.62111000,77.000000
-79.3914900,43.62113000,77.000000
-79.3914500,43.62116000,77.000000
-79.3914000,43.62119000,77.000000
-79.3913500,43.62122000,77.000000
-79.3912900,43.62125000,77.000000
-79.3912300,43.62127000,78.000000
-79.3911800,43.62130000,78.000000
-79.3911400,43.62132000,78.000000
-79.3910800,43.62137000,78.000000
-79.3910300,43.62141000,77.000000
-79.3909800,43.62144000,77.000000
-79.3909300,43.62147000,77.000000
-79.3908700,43.62150000,77.000000
-79.3908100,43.62152000,76.000000
-79.3907600,43.62155000,76.000000
-79.3907200,43.62159000,76.000000
-79.3906700,43.62163000,76.000000
-79.3906400,43.62167000,76.000000
-79.3906000,43.62171000,76.000000
-79.3905700,43.62175000,76.000000
-79.3905500,43.62177000,76.000000
-79.3904900,43.62182000,76.000000
-79.3904900,43.62186000,76.000000
-79.3904900,43.62190000,76.000000
-79.3904900,43.62195000,76.000000
-79.3904900,43.62200000,76.000000
-79.3904900,43.62205000,76.000000
-79.3904900,43.62211000,76.000000
-79.3905000,43.62215000,76.000000
-79.3905100,43.62221000,76.000000
-79.3905100,43.62226000,77.000000
-79.3905200,43.62231000,77.000000
-79.3905200,43.62236000,77.000000
-79.3905300,43.62242000,77.000000
-79.3905400,43.62247000,77.000000
-79.3905400,43.62251000,77.000000
-79.3905500,43.62256000,77.000000
-79.3905400,43.62261000,78.000000
-79.3905400,43.62267000,79.000000
-79.3905300,43.62272000,80.000000
-79.3905200,43.62277000,80.000000
-79.3905100,43.62282000,80.000000
-79.3905000,43.62286000,81.000000
-79.3904900,43.62291000,81.000000
-79.3904700,43.62296000,81.000000
-79.3904600,43.62301000,81.000000
-79.3904500,43.62306000,81.000000
-79.3904300,43.62310000,80.000000
-79.3904200,43.62315000,80.000000
-79.3904000,43.62320000,79.000000
-79.3903900,43.62325000,79.000000
-79.3903800,43.62329000,79.000000
-79.3903400,43.62338000,78.000000
-79.3903400,43.62340000,78.000000
-79.3903300,43.62345000,78.000000
-79.3903200,43.62349000,78.000000
-79.3903100,43.62354000,78.000000
-79.3903000,43.62359000,78.000000
-79.3902900,43.62364000,77.000000
-79.3902800,43.62369000,77.000000
-79.3902700,43.62374000,77.000000
-79.3902500,43.62379000,77.000000
-79.3902400,43.62383000,77.000000
-79.3902200,43.62388000,77.000000
-79.3902100,43.62392000,77.000000
-79.3902000,43.62396000,77.000000
-79.3901800,43.62401000,77.000000
-79.3901700,43.62406000,77.000000
-79.3901600,43.62411000,77.000000
-79.3901400,43.62416000,77.000000
-79.3901400,43.62420000,77.000000
-79.3901300,43.62426000,77.000000
-79.3901200,43.62430000,77.000000
-79.3901100,43.62435000,77.000000
-79.3901000,43.62439000,77.000000
-79.3901000,43.62444000,77.000000
-79.3900900,43.62449000,77.000000
-79.3900800,43.62454000,77.000000
-79.3900800,43.62459000,78.000000
-79.3900700,43.62463000,78.000000
-79.3900600,43.62468000,78.000000
-79.3900600,43.62473000,78.000000
-79.3900400,43.62477000,78.000000
-79.3900300,43.62482000,78.000000
-79.3900100,43.62487000,79.000000
-79.3899900,43.62493000,79.000000
-79.3899800,43.62497000,79.000000
-79.3899600,43.62502000,79.000000
-79.3899500,43.62508000,80.000000
-79.3899400,43.62512000,80.000000
-79.3899300,43.62517000,80.000000
-79.3899200,43.62522000,80.000000
-79.3899000,43.62527000,80.000000
-79.3898900,43.62531000,81.000000
-79.3898700,43.62536000,81.000000
-79.3898600,43.62541000,81.000000
-79.3898400,43.62546000,81.000000
-79.3898300,43.62553000,82.000000
-79.3898200,43.62558000,82.000000
-79.3898200,43.62563000,82.000000
-79.3898100,43.62567000,82.000000
-79.3898100,43.62572000,81.000000
-79.3898100,43.62577000,81.000000
-79.3898100,43.62582000,81.000000
-79.3898100,43.62586000,81.000000
-79.3898100,43.62591000,81.000000
-79.3898000,43.62595000,80.000000
-79.3898000,43.62600000,80.000000
-79.3897900,43.62605000,80.000000
-79.3897900,43.62610000,80.000000
-79.3897800,43.62614000,79.000000
-79.3897800,43.62619000,79.000000
-79.3897900,43.62623000,79.000000
-79.3897900,43.62628000,79.000000
-79.3897900,43.62634000,79.000000
-79.3897900,43.62639000,79.000000
-79.3897900,43.62644000,78.000000
-79.3897800,43.62649000,78.000000
-79.3897800,43.62653000,78.000000
-79.3897800,43.62658000,78.000000
-79.3897700,43.62663000,78.000000
-79.3897700,43.62668000,78.000000
-79.3897600,43.62672000,79.000000
-79.3897700,43.62677000,79.000000
-79.3897700,43.62682000,79.000000
-79.3897700,43.62687000,79.000000
-79.3897700,43.62693000,79.000000
-79.3897400,43.62698000,79.000000
-79.3897400,43.62703000,79.000000
-79.3897300,43.62707000,79.000000
-79.3897300,43.62712000,79.000000
-79.3897200,43.62716000,79.000000
-79.3897100,43.62721000,79.000000
-79.3896900,43.62726000,79.000000
-79.3896700,43.62730000,79.000000
-79.3896400,43.62734000,78.000000
-79.3896000,43.62738000,78.000000
-79.3895600,43.62742000,78.000000
-79.3895200,43.62746000,77.000000
-79.3894800,43.62750000,77.000000
-79.3894400,43.62753000,76.000000
-79.3893900,43.62757000,76.000000
-79.3893500,43.62761000,75.000000
-79.3893200,43.62765000,75.000000
-79.3893000,43.62772000,75.000000</coordinates>
        </LineString>
      </MultiGeometry>
    </Placemark>
  </Document>
</kml>

